,name,comment_karma,created_utc,has_verified_email,icon_img,id,is_employee,is_friend,is_mod,is_gold,link_karma,subreddit_banner_img,subreddit_name,subreddit_over_18,subreddit_public_description,subreddit_subscribers,subreddit_title
0,santiviquez,232,1587593408.0,True,"https://styles.redditmedia.com/t5_2lmgcn/styles/profileIcon_snoo-nftv2_bmZ0X2VpcDE1NToxMzdfYjljMDQyYzMyNzViYzQ5Nzk5Njg4ZWVhMWEyOWIxNDA1ZDAyOTQ2Yl8yMzE0MzI_rare_a83eb9ca-3a88-4d8d-83c2-d322f918e3b5-headshot.png?width=256&height=256&crop=256:256,smart&s=63fcc81e91e5f9c8610dfcd1a9ee35b904507926",5hgh94wf,False,False,False,False,954,,t5_2lmgcn,False,"Generalist. Tweeting about data science, machine learning, and product development. Creator of http://datasciencetrivia.com",0,
1,starktonny11,63,1639768947.0,False,"https://styles.redditmedia.com/t5_5ibe16/styles/profileIcon_snoof0c2201a-d312-44a4-aa71-79bb720caee9-headshot.png?width=256&height=256&crop=256:256,smart&s=5bed795a165003a22b8a715d2aa3f04cbf3dcb06",ho1a9b6u,False,False,False,False,73,,t5_5ibe16,False,,0,
2,Gold-Artichoke-9288,155,1643156186.0,True,https://www.redditstatic.com/avatars/defaults/v2/avatar_default_5.png,j0wuczrp,False,False,False,False,130,,t5_5qo8ew,True,,0,
3,venkarafa,555,1532517510.0,True,"https://styles.redditmedia.com/t5_malji/styles/profileIcon_snoo7a8fdcb6-ef89-4a2a-af6c-c9039287415c-headshot.png?width=256&height=256&crop=256:256,smart&s=42338abe66e0f0d853c60a7b33539a89a1373cf9",1umdosna,False,False,False,False,1430,,t5_malji,False,,0,
4,nobody_undefined,70,1686852510.0,True,"https://styles.redditmedia.com/t5_8m3kxm/styles/profileIcon_snoo-nftv2_bmZ0X2VpcDE1NToxMzdfZWI5NTlhNzE1ZGZmZmU2ZjgyZjQ2MDU1MzM5ODJjNDg1OWNiMTRmZV85NTAwMDU1_rare_30920ed3-3605-4fb0-b42b-177ea1892fef-headshot.png?width=256&height=256&crop=256:256,smart&s=f1b15158f062435fa3de6381e14f7b638c0c98ff",dh9o0mnfv,False,False,False,False,1451,,t5_8m3kxm,False,,0,
5,Waste_Necessary654,768,1648610100.0,True,https://www.redditstatic.com/avatars/defaults/v2/avatar_default_0.png,lax5ak3c,False,False,True,False,669,,t5_62wxxs,False,,0,
6,ArticleLegal5612,948,1617247411.0,True,https://www.redditstatic.com/avatars/defaults/v2/avatar_default_4.png,b9i7ioz0,False,False,False,False,10,,t5_46slii,False,,0,
7,gomezalp,42,1721268251.0,False,https://i.redd.it/snoovatar/avatars/4e5d2b47-ceb3-40c6-8d0f-43d364f6a323-headshot.png,14rou3o9c0,False,False,False,False,43,,t5_bzvu8h,False,,0,FernanZea
8,jmhimara,74041,1328589208.0,True,https://www.redditstatic.com/avatars/defaults/v2/avatar_default_0.png,6uxxc,False,False,False,False,13632,,t5_b634o,False,,0,
9,portobellomonsoon,2162,1703859637.0,True,https://i.redd.it/snoovatar/avatars/0da93d25-4ae1-481e-8034-2102db5335cd-headshot.png,mlebtj9ka,False,False,False,False,33,,t5_ag5h6m,False,,0,
10,brilliantminion,26892,1467832052.0,True,https://www.redditstatic.com/avatars/defaults/v2/avatar_default_5.png,zaomt,False,False,False,False,2093,,t5_bsa4i,True,,0,
11,oathkeeperkh,16646,1436148309.0,False,"https://styles.redditmedia.com/t5_apdiz/styles/profileIcon_snoo8eca1fb6-910f-45b6-9461-1508a9953e6e-headshot.png?width=256&height=256&crop=256:256,smart&s=174daad3fcecf2dfd160ff021e16f494a2ab58a1",okacg,False,False,False,False,3506,,t5_apdiz,False,My username is a Kingdom Hearts reference; I had no idea those other guys existed,0,
12,Educational_Can_4652,9276,1636903535.0,True,"https://styles.redditmedia.com/t5_5c2rzm/styles/profileIcon_snoo1153731e-ded5-4dbf-8367-91b76a6d384c-headshot.png?width=256&height=256&crop=256:256,smart&s=6f32b4ee4fcd7d5d84a60a73666d133faa300af7",gjeeraqx,False,False,False,True,82,,t5_5c2rzm,False,,0,
13,QianLu,5954,1468300567.0,True,https://www.redditstatic.com/avatars/defaults/v2/avatar_default_2.png,zfrcq,False,False,False,False,637,,t5_eif5j,False,,0,
14,calbearreynad,856,1448593468.0,True,"https://styles.redditmedia.com/t5_d7wp5/styles/profileIcon_snoo7c25283a-2c54-4141-b385-64e6d2a0e69c-headshot-f.png?width=256&height=256&crop=256:256,smart&s=a3a0a60232b2b8813ff13730ab636d2da84e5e00",sfsom,False,False,False,False,1,,t5_d7wp5,True,,0,
15,swexbe,4733,1349866890.0,True,"https://styles.redditmedia.com/t5_3kp6d/styles/profileIcon_snoof8a9c3e1-d446-4408-839b-e64cedfca3af-headshot.png?width=256&height=256&crop=256:256,smart&s=9b52496cd5e85fc3ec12970254d418418fd5d7e4",99f7h,False,False,True,False,2120,,t5_3kp6d,False,,0,swexbe
16,slashdave,23971,1636936228.0,True,"https://styles.redditmedia.com/t5_5c5vas/styles/profileIcon_snoo12a4f8a4-3dea-4594-aea7-56a7c8b6d44e-headshot.png?width=256&height=256&crop=256:256,smart&s=913b4616fe0e55a60e9cd3c282e0cbfc3149e17e",gjx64ted,False,False,False,False,41,,t5_5c5vas,False,,0,
17,K9ZAZ,19271,1538650799.0,True,"https://styles.redditmedia.com/t5_pf2dn/styles/profileIcon_7ui2ms1587a71.jpg?width=256&height=256&crop=256:256,smart&s=324a2cc40d75f91e19648397b971f0e1fb1eb972",20y9ma1s,False,False,True,False,2645,,t5_pf2dn,False,"Data scientist, CAT DADDY  to 3, HUMAN DADDY to 1.",0,
18,El_Minadero,26583,1397503096.0,True,"https://styles.redditmedia.com/t5_eg0qu/styles/profileIcon_snoo3c904593-846d-4de0-8356-27f18fb87990-headshot-f.png?width=256&height=256&crop=256:256,smart&s=0fe4c178786e775134b8111ee147eb09842d2aa0",g4jme,False,False,False,False,325,,t5_eg0qu,False,,0,
19,snicky666,1160,1389666628.0,True,https://www.redditstatic.com/avatars/defaults/v2/avatar_default_7.png,estq7,False,False,True,False,28,,t5_d8lux,False,,0,
20,Noonecanfindmenow,17442,1354426167.0,True,https://www.redditstatic.com/avatars/defaults/v2/avatar_default_3.png,9rrij,False,False,False,False,2084,,t5_cczmy,False,,0,
21,numericalclerk,3647,1697882260.0,True,https://i.redd.it/snoovatar/avatars/nftv2_bmZ0X2VpcDE1NToxMzdfZWI5NTlhNzE1ZGZmZmU2ZjgyZjQ2MDU1MzM5ODJjNDg1OWNiMTRmZV8yMDQyNDE5Nw_rare_68cdb854-596d-4301-92ea-d3dc14f44af6-headshot.png,m84a7syej,False,False,False,False,50,,t5_9n7egn,False,,0,
22,decrementsf,60644,1421093487.0,False,https://www.redditstatic.com/avatars/defaults/v2/avatar_default_7.png,ko96v,False,False,False,False,158,,t5_cwvpf,False,,0,
23,MrWolf711,1855,1554827403.0,True,"https://styles.redditmedia.com/t5_zhg87/styles/profileIcon_snoo-nftv2_bmZ0X2VpcDE1NToxMzdfY2JlNmNiZDhjM2U3M2QwYTNlMmNkNGYyNGU0YzBkYmI2MTI5OTY0M180NjA_rare_1da2971c-35c3-45b8-bd19-fec3ec9b791f-headshot.png?width=256&height=256&crop=256:256,smart&s=e243b2683d3375a659a981707624f293e5d1c042",3kkr4w3l,False,False,False,False,2,,t5_zhg87,False,,0,
24,CadeOCarimbo,91489,1465951051.0,True,"https://styles.redditmedia.com/t5_espha/styles/profileIcon_snoo-nftv2_bmZ0X2VpcDE1NToxMzdfN2Q3YWFmMDNlYTUxYmMxNjU4ZTkzNWE4YWQwOWQ3N2Y4OWExZjI1MF8xNDY0_rare_69b08151-da63-4859-91d2-d7aed793649e-headshot.png?width=256&height=256&crop=256:256,smart&s=65e3410c32451f6acf3c6f79177b52fb42662347",yqjml,False,False,True,False,28843,,t5_espha,True,,0,
25,jppope,7632,1410070574.0,True,https://www.redditstatic.com/avatars/defaults/v2/avatar_default_1.png,ia6qh,False,False,True,False,587,,t5_1pawyq,False,,0,
26,faulerauslaender,9559,1587189588.0,True,"https://styles.redditmedia.com/t5_2l4pjn/styles/profileIcon_snoo1f752e02-e7c2-4dd5-bf99-f1fdd20324c4-headshot-f.png?width=256&height=256&crop=256:256,smart&s=4b54946a3a1c2b683202cd7cbcac92e5bedeee24",68ro5psf,False,False,False,False,5013,,t5_2l4pjn,False,,0,
27,SpeedaRJ,2129,1599961766.0,True,https://i.redd.it/snoovatar/avatars/nftv2_bmZ0X2VpcDE1NToxMzdfYzhkM2EzYTgzYmRlNWRhZDA2ZDQzNjY5NGUzZTIyYWMzZTY0ZDU3N18yNDU5ODcy_rare_ecc1b4d7-79ae-442f-9cd1-3eb978356e69-headshot.png,82lezs2t,False,False,False,False,23,"https://styles.redditmedia.com/t5_342h5i/styles/profileBanner_fs5asavfargc1.jpeg?width=1280&height=384&crop=1280:384,smart&s=c418761b4bd5ed8c2944dd41a7e5552648bceb7e",t5_342h5i,False,,0,SpeedaRJ
28,pipicks,-1,1714751153.0,True,https://www.redditstatic.com/avatars/defaults/v2/avatar_default_5.png,zlnksz48d,False,False,False,False,1,,t5_bfz794,False,,0,
29,Possible-Alfalfa-893,759,1622602286.0,True,"https://styles.redditmedia.com/t5_4itnka/styles/profileIcon_z7lzhfsbv1n91.jpg?width=256&height=256&crop=256:256,smart&s=00624df9956d50abf65a7ededaecef4ab8507950",btu76r6b,False,False,False,False,5,,t5_4itnka,False,,0,ryudosan
30,Sorry-Owl4127,10405,1601992407.0,True,https://www.redditstatic.com/avatars/defaults/v2/avatar_default_1.png,83bx88yp,False,False,False,False,749,,t5_37t8pp,False,,0,
31,SnooStories6404,22972,1597817561.0,True,https://www.redditstatic.com/avatars/defaults/v2/avatar_default_3.png,5pp4g5n7,False,False,True,False,123178,,t5_30c1rq,True,,0,
32,ReflectionNo3897,69,1680378732.0,True,"https://styles.redditmedia.com/t5_85fwng/styles/profileIcon_snoocb6c5a80-baf9-41f4-a4a1-4d10ca3bcfd9-headshot.png?width=256&height=256&crop=256:256,smart&s=bd8543cae5f22a79759e143d6bbf6ba2c49e9637",8cgxak08h,False,False,False,False,6,,t5_85fwng,False,,0,
33,odumann,9055,1398356666.0,False,https://www.redditstatic.com/avatars/defaults/v2/avatar_default_2.png,ga8wq,False,False,False,False,5,,t5_bd8zl,False,,0,
34,AlgoRhythmCO,19181,1708451003.0,True,https://www.redditstatic.com/avatars/defaults/v2/avatar_default_2.png,uf6ntb0i2,False,False,False,False,333,,t5_aub34g,False,"Data leader, BJJ and Judo blackbelt, former competitive kickboxer, bluegrass/jam guitarist.",0,
35,dataGuyThe8th,10798,1550936312.0,True,"https://styles.redditmedia.com/t5_x2usl/styles/profileIcon_snoo-nftv2_bmZ0X2VpcDE1NToxMzdfYzhkM2EzYTgzYmRlNWRhZDA2ZDQzNjY5NGUzZTIyYWMzZTY0ZDU3N181MDIxNTI3_rare_ee9b5b84-6ad6-469d-8d13-af640dee05ab-headshot.png?width=256&height=256&crop=256:256,smart&s=d9cabd6c9f06bac2e53fd76a63f232eddc6b077b",3a8ghj2i,False,False,False,False,169,,t5_x2usl,False,,0,
36,DubGrips,5125,1639938300.0,True,"https://styles.redditmedia.com/t5_5iph0n/styles/profileIcon_snoo502e26ca-0d4d-434b-8ac4-1a6b3b600214-headshot.png?width=256&height=256&crop=256:256,smart&s=91431f73b8d202080f2e46a85c2bde745cf833ad",hq8imixg,False,False,False,False,149,,t5_5iph0n,False,,0,
37,lakeland_nz,28588,1451442602.0,True,"https://styles.redditmedia.com/t5_1gn5go/styles/profileIcon_snoo-nftv2_bmZ0X2VpcDE1NToxMzdfNmFjYjhmYjgyODgwZDM5YzJiODQ0NmY4Nzc4YTE0ZDM0ZWU2Y2ZiN184OTE4NDM_rare_9147ed94-c3ba-442b-bd5d-1d1dbc02aba6-headshot.png?width=256&height=256&crop=256:256,smart&s=885e0a6a8bde9ca46c5236ad836647acae50054a",tbueg,False,False,False,False,71,,t5_1gn5go,False,,0,
38,Jorrissss,25240,1457406111.0,True,https://www.redditstatic.com/avatars/defaults/v2/avatar_default_0.png,w8x54,False,False,False,False,40,,t5_bt6i1,True,,0,
39,SurveyNo2684,7957,1710971200.0,True,"https://styles.redditmedia.com/t5_b1tj50/styles/profileIcon_sut70vjcgimd1.jpg?width=256&height=256&crop=256:256,smart&s=05ec57bd827ce38868fc0772bfcc6f2b5cdf08c5",wlr4u1iyo,False,False,False,False,24,"https://styles.redditmedia.com/t5_b1tj50/styles/profileBanner_r7oh62kc4imd1.jpg?width=1280&height=384&crop=1280:384,smart&s=cc14f557492dfad767a2c954ead1bd36966482e8",t5_b1tj50,False,,0,SurveysAreBoring
40,Silent-Sunset,80,1724630825.0,True,https://i.redd.it/snoovatar/avatars/a11ab76d-ab89-43dc-8238-3a952d39d376-headshot.png,17fofbkjt6,False,False,False,False,6,,t5_cau85d,False,,0,
41,yolohedonist,7726,1387076762.0,True,https://www.redditstatic.com/avatars/defaults/v2/avatar_default_7.png,ecxw7,False,False,False,False,1200,,t5_ccq4k,False,,0,
42,vatom14,15451,1521874066.0,False,https://www.redditstatic.com/avatars/defaults/v2/avatar_default_5.png,133emd5x,False,False,False,False,431,,t5_h801y,False,,0,tyuiop
43,spigotface,88171,1364006571.0,True,https://www.redditstatic.com/avatars/defaults/v2/avatar_default_2.png,b1lpe,False,False,False,False,31429,,t5_ag2xs,False,,0,
44,Alternative-Fox-4202,821,1637323479.0,True,"https://styles.redditmedia.com/t5_5czfb4/styles/profileIcon_snoo1163c1dc-288d-493b-9822-c2e1694bcd55-headshot.png?width=256&height=256&crop=256:256,smart&s=07ebc76da93a81b4ec3efd9e547d1017fa332f00",gnu1v89g,False,False,False,False,72,,t5_5czfb4,False,,0,
45,aintwhatyoudo,1007,1640266555.0,True,https://www.redditstatic.com/avatars/defaults/v2/avatar_default_7.png,8t27kgwv,False,False,False,False,322,,t5_5ji5jv,False,,0,
46,diebythekeyboard,2,1726062422.0,True,https://i.redd.it/snoovatar/avatars/a63607ad-2966-4896-8099-36b7a0e24f44-headshot.png,18kjlr3l0g,False,False,False,False,2,,t5_cfc6za,False,,0,
47,Dry-Shoulder-8574,0,1601997831.0,True,https://www.redditstatic.com/avatars/defaults/v2/avatar_default_7.png,6wewmj9j,False,False,False,False,5,,t5_37tnt8,False,,0,
48,bovine-orgasm,312,1724285869.0,True,https://i.redd.it/snoovatar/avatars/8f1286ce-8610-474d-9009-59b58e2a011d-headshot.png,175tw9mv62,False,False,False,False,1,,t5_c9pbi5,False,,0,
49,Matematikis,186,1449438364.0,True,"https://styles.redditmedia.com/t5_1h26wu/styles/profileIcon_snoo46d014b5-59f6-4706-89f6-84ce4806e8b7-headshot.png?width=256&height=256&crop=256:256,smart&s=668bc43752cc2d7b8a00f81de5e6b3ae232f78d2",sq96y,False,False,False,False,22,,t5_1h26wu,False,,0,
50,gpbuilder,25145,1533932526.0,True,https://www.redditstatic.com/avatars/defaults/v2/avatar_default_0.png,1ykgdq68,False,False,False,False,2682,,t5_n15of,False,,0,
51,RB_7,43766,1382282305.0,True,"https://styles.redditmedia.com/t5_aunwv/styles/profileIcon_snoo3b1eb202-d62f-4cf2-8bdd-223d1d6e9a84-headshot.png?width=256&height=256&crop=256:256,smart&s=36f7807e1c5ae85cd18f5182bbe10c421c5b9bcd",dkz5t,False,False,False,False,1073,,t5_aunwv,False,,0,
52,frocketgaming,7595,1492527752.0,True,"https://styles.redditmedia.com/t5_982ev/styles/profileIcon_qczrf5v4d5531.jpg?width=256&height=256&crop=256:256,smart&s=23437e46266c3f8156777cb4795d649a145ec2d4",176m0x,False,False,False,False,355,,t5_982ev,False,,0,
53,Cosack,24501,1386094643.0,True,"https://styles.redditmedia.com/t5_cb790/styles/profileIcon_snoo-nftv2_bmZ0X2VpcDE1NToxMzdfNDY2YTMzMDg4N2JkZjYyZDUzZjk2OGVhODI0NzkzMTUwZjA3NzYyZV8yMDUyNDU_rare_710d7a7f-397b-4b60-85ed-441024648d4f-headshot.png?width=256&height=256&crop=256:256,smart&s=558d2a463693af1ca4185803e50695b273857b3b",e6lnm,False,False,False,False,4175,,t5_cb790,False,,0,
54,diag,19284,1317259380.0,True,https://www.redditstatic.com/avatars/defaults/v2/avatar_default_4.png,5xzp0,False,False,True,False,1,,t5_cq5g4,False,,0,
55,Measurex2,110361,1426210970.0,True,"https://styles.redditmedia.com/t5_1m5jhj/styles/profileIcon_snoo757b530c-8c22-40b6-a925-b43e54301cac-headshot.png?width=256&height=256&crop=256:256,smart&s=18c78b4b8a5fc03b2c8712553bcae0d3dfe4349a",m45j2,False,False,True,False,1654,,t5_1m5jhj,True,,0,
56,big_data_mike,19240,1686095704.0,False,https://i.redd.it/snoovatar/avatars/6a25feee-5be0-45b4-84b2-284c9e401198-headshot.png,cvnuc9q27,False,False,False,False,15,,t5_8jj70m,False,,0,
57,tennisanybody,45812,1397948802.0,False,https://i.redd.it/snoovatar/avatars/nftv2_bmZ0X2VpcDE1NToxMzdfNmFjYjhmYjgyODgwZDM5YzJiODQ0NmY4Nzc4YTE0ZDM0ZWU2Y2ZiN180MTYxMg_rare_4519c289-d616-478a-9c1d-7e33ff963b90-headshot.png,g7mu0,False,False,True,False,2481,"https://styles.redditmedia.com/t5_1r1uhy/styles/profileBanner_35rs3wp4wnd51.jpg?width=1280&height=384&crop=1280:384,smart&s=d0d14984c53c0916f9d3f2dc33a1c0b3f3a8c365",t5_1r1uhy,True,I swear I‚Äôm not Florida Man.,0,Renzo
58,No_Philosopher_5885,293,1723483695.0,True,https://www.redditstatic.com/avatars/defaults/v2/avatar_default_0.png,16ixksersg,False,False,False,False,4,,t5_c72u7t,False,,0,
59,yorevodkas0a,271,1640990542.0,True,https://www.redditstatic.com/avatars/defaults/v2/avatar_default_7.png,i4cuczqf,False,False,False,False,500,,t5_5lcvdg,False,,0,
60,Graphs_Net,71,1725292554.0,True,https://i.redd.it/snoovatar/avatars/ae5d3e9e-0820-4830-b66f-14dbf5ac748d-headshot.png,17ykf0gror,False,False,False,False,18,,t5_ccwhjw,False,,0,
61,Meerkoffiemeerbeter,1948,1437834641.0,True,https://i.redd.it/snoovatar/avatars/e483c56c-024d-4cf5-be0c-0a4e43815621-headshot.png,p2drj,False,False,False,False,2743,,t5_1jri7j,False,,0,
62,MrPandamania,49594,1330404125.0,True,"https://styles.redditmedia.com/t5_1ym978/styles/profileIcon_snoo-nftv2_bmZ0X2VpcDE1NToxMzdfM2I0NzdhNmIxYmUyMzY2MjhiMDg4MzllMWU4Y2Y4YmE4ZDkzNTg5YV8xMzQxMg_rare_53dfbb08-860a-4761-a8c4-8b259aab7f9f-headshot.png?width=256&height=256&crop=256:256,smart&s=dd244df7e84867b7cc842dd383dad078fc0846c2",71cu5,False,False,False,False,9897,,t5_1ym978,False,,0,
63,Ok_Composer_1761,1815,1709469378.0,True,https://www.redditstatic.com/avatars/defaults/v2/avatar_default_1.png,vevt9lm3l,False,False,False,False,53,,t5_axakjs,False,,0,
64,angery_bork,13290,1481776621.0,True,"https://styles.redditmedia.com/t5_e8bnm/styles/profileIcon_snoo3fc06e55-c4e5-4c7f-a965-05b0ea25f3dd-headshot.png?width=256&height=256&crop=256:256,smart&s=e057ced93e4267f45bfbc3852d56064a9de2866b",13kzk4,False,False,False,False,38146,,t5_e8bnm,False,A non smoker learning to grow cannabis üçÉ,0,
65,Consistent_Equal5327,231,1707597374.0,True,https://www.redditstatic.com/avatars/defaults/v2/avatar_default_0.png,os29l1hkg,False,False,False,False,139,,t5_arvdna,False,,0,
66,hallowed_by,491,1701182321.0,True,"https://styles.redditmedia.com/t5_a5dug9/styles/profileIcon_snoo-nftv2_bmZ0X2VpcDE1NToxMzdfZWI5NTlhNzE1ZGZmZmU2ZjgyZjQ2MDU1MzM5ODJjNDg1OWNiMTRmZV8yMDk0MjM5Ng_rare_2560d9fb-d0e7-40ee-950c-70a4aec6c716-headshot.png?width=256&height=256&crop=256:256,smart&s=22a5274a930a7c0ed1ac19ae3120d433dec94906",os3jxlutn,False,False,False,False,1,,t5_a5dug9,False,,0,
67,nobody_undefined,70,1686852510.0,True,"https://styles.redditmedia.com/t5_8m3kxm/styles/profileIcon_snoo-nftv2_bmZ0X2VpcDE1NToxMzdfZWI5NTlhNzE1ZGZmZmU2ZjgyZjQ2MDU1MzM5ODJjNDg1OWNiMTRmZV85NTAwMDU1_rare_30920ed3-3605-4fb0-b42b-177ea1892fef-headshot.png?width=256&height=256&crop=256:256,smart&s=f1b15158f062435fa3de6381e14f7b638c0c98ff",dh9o0mnfv,False,False,False,False,1451,,t5_8m3kxm,False,,0,
68,ArticleLegal5612,948,1617247411.0,True,https://www.redditstatic.com/avatars/defaults/v2/avatar_default_4.png,b9i7ioz0,False,False,False,False,10,,t5_46slii,False,,0,
69,hiimresting,3918,1614882141.0,False,"https://styles.redditmedia.com/t5_422xxe/styles/profileIcon_snoo-nftv2_bmZ0X2VpcDE1NToxMzdfNDY2YTMzMDg4N2JkZjYyZDUzZjk2OGVhODI0NzkzMTUwZjA3NzYyZV84MTMwOTE_rare_4678a890-0e32-473c-a912-92f7aade63e6-headshot.png?width=256&height=256&crop=256:256,smart&s=17fa4f9142ccf32536d7c578a4c80b4cbba69f0b",apgrw7s9,False,False,False,False,1,,t5_422xxe,False,,0,
70,fil_geo,1,1497613313.0,True,https://www.redditstatic.com/avatars/defaults/v2/avatar_default_7.png,1wtzufj,False,False,False,False,1,,t5_15ghuy,False,Marketing Scientist ,0,
71,pm_me_your_smth,81334,1471199925.0,False,https://www.redditstatic.com/avatars/defaults/v2/avatar_default_3.png,10i29f,False,False,False,False,1,,t5_cetyg,False,,0,
72,ZestyData,127909,1561462190.0,True,"https://styles.redditmedia.com/t5_150uue/styles/profileIcon_snoo3fcb7176-01ba-4909-8408-0a01a6d1664e-headshot.png?width=256&height=256&crop=256:256,smart&s=99cef052fae07a94ccfe05f0024f74ae9e9a4cfa",40elonoo,False,False,False,False,6197,,t5_150uue,False,lead machine learning engineer in language modelling,0,
73,znihilist,62118,1434789840.0,True,"https://styles.redditmedia.com/t5_1kesue/styles/profileIcon_snoo366cc525-f941-45f8-b73b-27ab62332d55-headshot.png?width=256&height=256&crop=256:256,smart&s=8233e6f72accf15c7589619b270b19fdb35984ab",o87k5,False,False,True,False,11817,,t5_1kesue,False,,0,
74,venustrapsflies,275511,1316107608.0,True,https://www.redditstatic.com/avatars/defaults/v2/avatar_default_4.png,5v63w,False,False,False,False,1357,,t5_coiyr,False,,0,
75,sandith752,18310,1405868930.0,True,https://www.redditstatic.com/avatars/defaults/v2/avatar_default_2.png,hhlqa,False,False,False,False,26636,,t5_ed1o6,False,,0,
76,Swimming_Cry_6841,2974,1597191804.0,True,"https://styles.redditmedia.com/t5_2z9r5h/styles/profileIcon_ura7nxovmypc1.jpeg?width=256&height=256&crop=256:256,smart&s=05dc6db29008a594487c58da7a6a7bfa1f99965a",5yj82gi6,False,False,False,False,1609,"https://styles.redditmedia.com/t5_2z9r5h/styles/profileBanner_iaw5vq5snypc1.jpeg?width=1280&height=384&crop=1280:384,smart&s=c36e43f35043ee16ebdb9dc9cdc3ca41e77f0ae0",t5_2z9r5h,False,,0,
77,Accomplished-Wave356,20394,1604500689.0,True,https://www.redditstatic.com/avatars/defaults/v2/avatar_default_4.png,7e27w7hg,False,False,True,False,1960,,t5_3cswd8,False,,0,
78,3c2456o78_w,10914,1696785505.0,True,https://www.redditstatic.com/avatars/defaults/v2/avatar_default_0.png,lct9zpf7k,False,False,False,False,259,,t5_9jxx7w,False,,0,
79,ron_ninja,1239,1716853815.0,True,https://www.redditstatic.com/avatars/defaults/v2/avatar_default_1.png,82lldmkv5,False,False,False,False,52,,t5_bm5eg2,False,,0,
80,change_of_basis,1088,1633276942.0,True,"https://styles.redditmedia.com/t5_54i0kr/styles/profileIcon_snoo5ed6b749-eae5-413a-bd84-900aedbd70ae-headshot.png?width=256&height=256&crop=256:256,smart&s=f6fa41a04e0c04bc78a8c888654196de5f51ef9c",f3426hyb,False,False,False,False,59,,t5_54i0kr,False,"AI, Defi, n=1",0,
81,Romaaaaaaaaaaaaaa,425,1638041310.0,True,"https://styles.redditmedia.com/t5_5ef8oj/styles/profileIcon_snoo314df2d2-8e21-4935-a8db-702820ea5c32-headshot.png?width=256&height=256&crop=256:256,smart&s=5d67b00994a2f295d0266a5377439c155acd4637",gzgldr7m,False,False,False,False,376,,t5_5ef8oj,True,,0,
82,Foodwithfloyd,127692,1593469220.0,True,"https://styles.redditmedia.com/t5_2t71zn/styles/profileIcon_snoobc0b637a-18ec-481c-a8ba-a289e8a3ea0d-headshot.png?width=256&height=256&crop=256:256,smart&s=5f503e99bdc2f6a88bfff3f9ea99eef0d1da856c",706trkkr,False,False,False,False,4992,,t5_2t71zn,True,,0,
83,OpenAITutor,14,1687753561.0,True,"https://styles.redditmedia.com/t5_8p24uc/styles/profileIcon_feafh16gaocd1.png?width=256&height=256&crop=256:256,smart&s=95062dc4598926ad05a5e6504890a49a7b6c1fac",e6zlx5deo,False,False,True,False,1,"https://styles.redditmedia.com/t5_8p24uc/styles/profileBanner_a9rj8q4x9ocd1.jpg?width=1280&height=384&crop=1280:384,smart&s=1548c17547980cde81f818a9181ff8b1bb227b8e",t5_8p24uc,False,"Welcome to the OpenAI Tutor channel!
Explore the fascinating world of OpenAI API and Python.
Learn prompt engineering with ChatGPT for powerful AI applications.
Develop unique applications and plugins",0,Ray Bernard
84,A_B_1_2,231,1640952185.0,True,"https://styles.redditmedia.com/t5_5l9o4z/styles/profileIcon_snoo-nftv2_bmZ0X2VpcDE1NToxMzdfNDY2YTMzMDg4N2JkZjYyZDUzZjk2OGVhODI0NzkzMTUwZjA3NzYyZV8xNTY1MDUw_rare_6a128ef4-d4de-4184-8355-19695adbb66c-headshot.png?width=256&height=256&crop=256:256,smart&s=42db6f6d5e03aee067256eddfe1693d29dcc7fe7",i3uokfwb,False,False,True,False,1903,,t5_5l9o4z,False,,0,
85,Gold-Artichoke-9288,155,1643156186.0,True,https://www.redditstatic.com/avatars/defaults/v2/avatar_default_5.png,j0wuczrp,False,False,False,False,130,,t5_5qo8ew,True,,0,
86,imking27,2758,1449107632.0,True,"https://styles.redditmedia.com/t5_avzdy/styles/profileIcon_snoo27f7b653-d638-45dc-a911-8fa0a367900b-headshot.png?width=256&height=256&crop=256:256,smart&s=b7e9e01743dff2597e2b43d4c05b5b16ea56e11e",smvgf,False,False,False,False,1,,t5_avzdy,False,,0,
87,thefringthing,85142,1241468997.0,True,"https://styles.redditmedia.com/t5_3pd9y/styles/profileIcon_snoof73f3df9-9a07-4f2f-ae6c-b208e21ac18e-headshot.png?width=256&height=256&crop=256:256,smart&s=e6647b97b98eb6dff594a79c5b886931ec5b0aa1",3gx2l,False,False,True,False,31365,,t5_3pd9y,False,,0,
88,MrSaints16,181,1545561166.0,True,https://www.redditstatic.com/avatars/defaults/v2/avatar_default_3.png,2udw3hmj,False,False,False,False,92,,t5_tagly,False,,0,
89,srijared,477,1700572854.0,True,https://www.redditstatic.com/avatars/defaults/v2/avatar_default_6.png,ocxb9fgvi,False,False,False,False,1,,t5_a28ups,False,,0,
90,JosephMamalia,650,1676428006.0,True,"https://styles.redditmedia.com/t5_7x2f9i/styles/profileIcon_snoo75819459-6435-44a9-b75f-225326e379a3-headshot.png?width=256&height=256&crop=256:256,smart&s=53ca51e8a47f692f000b46553b7e94f5b43db88e",57oxwnj2q,False,False,False,False,13,,t5_7x2f9i,False,,0,
91,roheated,1841,1525629726.0,True,"https://styles.redditmedia.com/t5_ivy64/styles/profileIcon_snoo10cb88de-6d99-446f-b16c-8bb16dff44e0-headshot.png?width=256&height=256&crop=256:256,smart&s=093dc97cb23014a547742d615afb20cc730b105c",1bii4bfu,False,False,False,False,854,"https://styles.redditmedia.com/t5_ivy64/styles/profileBanner_wq5lt1p5leo51.jpg?width=1280&height=384&crop=1280:384,smart&s=93952719aab26777273b59ecb4ee64491a46eef2",t5_ivy64,False,,0,
92,mr_chanandler_bong_1,23949,1561797823.0,True,"https://styles.redditmedia.com/t5_19csiq/styles/profileIcon_snoo-nftv2_bmZ0X2VpcDE1NToxMzdfYzhkM2EzYTgzYmRlNWRhZDA2ZDQzNjY5NGUzZTIyYWMzZTY0ZDU3N183MzUxMDQ4_rare_e63127eb-6ab2-440f-bdb5-63332107115f-headshot.png?width=256&height=256&crop=256:256,smart&s=667818134ebc2a9cc51dc678f334d16afdb1a3f9",41gbr1aq,False,False,False,False,70192,"https://styles.redditmedia.com/t5_19csiq/styles/profileBanner_1a6n3zc5pnw51.jpg?width=1280&height=384&crop=1280:384,smart&s=36d0c9f904eeb0879a502a3ec1b8ebe971e4250c",t5_19csiq,False,Nani!!,0,Potato salad
93,LyleLanleysMonorail,53351,1675956212.0,True,https://www.redditstatic.com/avatars/defaults/v2/avatar_default_2.png,vunw5g2y,False,False,False,False,5600,,t5_7w5l1d,False,,0,
94,Bigchillen_03,869,1704059654.0,False,https://i.redd.it/snoovatar/avatars/nftv2_bmZ0X2VpcDE1NToxMzdfZWI5NTlhNzE1ZGZmZmU2ZjgyZjQ2MDU1MzM5ODJjNDg1OWNiMTRmZV8xNzU5NzM3OQ_rare_91e9ae9b-3ec9-4349-88cb-c80b810f0d3c-headshot.png,r4ghcvl1n,False,False,False,False,144,,t5_agosfp,False,,0,
95,DeirdreHunter69,244,1649301456.0,True,https://www.redditstatic.com/avatars/defaults/v2/avatar_default_6.png,ln6hw8eu,False,False,False,False,2664,,t5_66i9dj,False,,0,
96,sn0wdizzle,9816,1342230889.0,True,"https://styles.redditmedia.com/t5_3m6hr/styles/profileIcon_snoo4bcbe7a9-ef84-4ab3-8c48-1d0c6fc0a460-headshot.png?width=256&height=256&crop=256:256,smart&s=762ef3cdd6f65d91df130e89d59e4336ffb34383",8bqdz,False,False,True,False,2913,,t5_3m6hr,False,getting ready to get down,0,sn0wdizzle
97,ghostofkilgore,133031,1578089254.0,True,"https://styles.redditmedia.com/t5_2bxjvb/styles/profileIcon_zxwvicm4yjb61.png?width=256&height=256&crop=256:256,smart&s=c73e2177894628c9a96149ef79fbe89704d87f54",4710gyld,False,False,False,False,1179,,t5_2bxjvb,False,,0,
98,morganf74,4394,1459026231.0,True,"https://styles.redditmedia.com/t5_ckhv6/styles/profileIcon_snoo2dcb7faa-ba11-4c27-8c03-b66f5dcd25fc-headshot.png?width=256&height=256&crop=256:256,smart&s=ba24a329af529014517050aea853ea8a962b4ff9",wo889,False,False,False,False,1677,,t5_ckhv6,False,,0,
99,orz-_-orz,30162,1656152755.0,True,"https://styles.redditmedia.com/t5_6l5ql3/styles/profileIcon_snoo043d90b1-28a0-471c-b118-863936b18974-headshot.png?width=256&height=256&crop=256:256,smart&s=f6db33b89fd674cf75099ec6402a842c7c25888e",p5ev9e4y,False,False,False,False,4,,t5_6l5ql3,False,,0,
100,RomanRiesen,41027,1474820280.0,False,https://www.redditstatic.com/avatars/defaults/v2/avatar_default_1.png,11nnrt,False,False,True,False,6193,,t5_bqfp9,False,,0,
101,Science_competitor,-3,1714388547.0,True,https://www.redditstatic.com/avatars/defaults/v2/avatar_default_6.png,nal2ui4u,False,False,False,False,1,,t5_beqa5q,False,,0,
102,Thanh1211,33403,1451286976.0,True,"https://styles.redditmedia.com/t5_dbspa/styles/profileIcon_snoo-nftv2_bmZ0X2VpcDE1NToxMzdfNDY2YTMzMDg4N2JkZjYyZDUzZjk2OGVhODI0NzkzMTUwZjA3NzYyZV8yMDM1MDA_rare_f2c2ee98-72ba-49e0-8af8-fc65053c9e67-headshot.png?width=256&height=256&crop=256:256,smart&s=603eb2e779c1bcd8c44a3e19d175a35bc851218d",ta8r2,False,False,False,False,1425,,t5_dbspa,False,,0,KobeStar10
103,nicknackers10,6512,1548305410.0,True,https://www.redditstatic.com/avatars/defaults/v2/avatar_default_6.png,2iiz06,False,False,False,False,140,,t5_v9rjt,False,,0,
104,Duder1983,3842,1630217277.0,True,https://www.redditstatic.com/avatars/defaults/v2/avatar_default_3.png,artfl937,False,False,False,False,133,,t5_4yt1jx,False,,0,
105,LaughTrackLife,13377,1695348906.0,True,"https://styles.redditmedia.com/t5_9dp315/styles/profileIcon_snoo-nftv2_bmZ0X2VpcDE1NToxMzdfZWI5NTlhNzE1ZGZmZmU2ZjgyZjQ2MDU1MzM5ODJjNDg1OWNiMTRmZV8xNDY3ODI1OA_rare_d6a87980-fa23-40ae-9d71-8c80cea2f252-headshot.png?width=256&height=256&crop=256:256,smart&s=5f9a86523adebe8e43b92853aa40b1f2f4eea130",u7rggyne,False,False,False,False,355,,t5_9dp315,True,,0,
106,skeerp,7509,1416368669.0,True,https://www.redditstatic.com/avatars/defaults/v2/avatar_default_2.png,jfue2,False,False,False,False,1265,,t5_dmm0u,True,,0,
107,Jazzlike_Syllabub_91,6157,1606665669.0,True,"https://styles.redditmedia.com/t5_3hj3it/styles/profileIcon_snoo41fac885-b1f7-4c4e-84d8-fbd6b78ab053-headshot.png?width=256&height=256&crop=256:256,smart&s=cfdbd830eacafeb091bbc706d97a17e2a3e1d405",57vrsrfs,False,False,False,False,373,,t5_3hj3it,True,,0,
108,marijin0,30,1604341687.0,True,https://www.redditstatic.com/avatars/defaults/v2/avatar_default_0.png,8q7cvzoo,False,False,False,False,8,,t5_3chi3r,False,,0,
109,indie-devops,342,1697935085.0,True,https://www.redditstatic.com/avatars/defaults/v2/avatar_default_0.png,5inevzm0,False,False,False,False,57,,t5_9nfsq8,False,,0,
110,fordat1,25024,1690992642.0,True,https://www.redditstatic.com/avatars/defaults/v2/avatar_default_5.png,grg2j4izx,False,False,False,False,193,,t5_90lmmi,False,,0,
111,hunter_27,5138,1581762915.0,True,"https://styles.redditmedia.com/t5_2ffnse/styles/profileIcon_snoo834be96f-1010-4c9d-8144-41ab01c3b981-headshot.png?width=256&height=256&crop=256:256,smart&s=f965858685849749feccd49694557bd1cc674b2b",5ovrvse1,False,False,False,False,252,,t5_2ffnse,False,,0,
112,manueldoedmotta,5,1726016356.0,True,https://www.redditstatic.com/avatars/defaults/v2/avatar_default_7.png,18j86y6827,False,False,False,False,17,,t5_cf7481,False,,0,
113,plhardman,3439,1412615330.0,True,https://www.redditstatic.com/avatars/defaults/v2/avatar_default_6.png,iqcwm,False,False,False,False,70,,t5_eob8e,False,,0,
114,f4k3pl4stic,1097,1212611868.0,True,https://www.redditstatic.com/avatars/defaults/v2/avatar_default_2.png,35w0i,False,False,False,False,156,,t5_21k0cq,False,,0,
115,R-types,139,1705989458.0,True,https://i.redd.it/snoovatar/avatars/nftv2_bmZ0X2VpcDE1NToxMzdfZWI5NTlhNzE1ZGZmZmU2ZjgyZjQ2MDU1MzM5ODJjNDg1OWNiMTRmZV8xNzk2MjUwOA_rare_7865ee28-639a-4fd5-9a6b-234024aaa232-headshot.png,snjnwmnfz,False,False,False,False,2,,t5_an3fcc,False,,0,
116,No-Hat446,13,1635110109.0,True,https://www.redditstatic.com/avatars/defaults/v2/avatar_default_0.png,fu3nmm3c,False,False,False,False,5,,t5_58gsa8,True,,0,
117,jgrowallday,3208,1477903597.0,True,"https://styles.redditmedia.com/t5_3mvbi/styles/profileIcon_snoo-nftv2_bmZ0X2VpcDE1NToxMzdfYjljMDQyYzMyNzViYzQ5Nzk5Njg4ZWVhMWEyOWIxNDA1ZDAyOTQ2Yl8xMDIyMTY_rare_97ceb832-d4e8-41e1-9b24-3c280c4f99eb-headshot.png?width=256&height=256&crop=256:256,smart&s=5316b57cca8034220a45ddfd464ffba7df9824ac",12humr,False,False,True,False,531,,t5_3mvbi,True,,0,jgrowallday
118,OxheadGreg123,3063,1588784576.0,True,https://i.redd.it/snoovatar/avatars/bd90c677-dc52-4f44-9a32-7c647f462814-headshot.png,3j4e33js,False,False,False,False,1128,,t5_2n2ou8,True,,0,
119,Flineki,9832,1516271667.0,True,"https://styles.redditmedia.com/t5_db4o2/styles/profileIcon_snoo-nftv2_bmZ0X2VpcDE1NToxMzdfNDY2YTMzMDg4N2JkZjYyZDUzZjk2OGVhODI0NzkzMTUwZjA3NzYyZV8zNDgxMw_rare_ef11c9ca-066c-42c7-a670-214f7b757304-headshot.png?width=256&height=256&crop=256:256,smart&s=5539fd2a0bd9fefea90751be780175b76c83618b",sjfzzdc,False,False,False,False,4978,"https://styles.redditmedia.com/t5_db4o2/styles/profileBanner_3rhlr7wbo4g81.jpg?width=1280&height=384&crop=1280:384,smart&s=c2d9d579c7fc80d40daeaf5de01d25439ff8b72a",t5_db4o2,True,"Just a man swimming threw time, looking for a clock.",0,Ziek
120,venkarafa,555,1532517510.0,True,"https://styles.redditmedia.com/t5_malji/styles/profileIcon_snoo7a8fdcb6-ef89-4a2a-af6c-c9039287415c-headshot.png?width=256&height=256&crop=256:256,smart&s=42338abe66e0f0d853c60a7b33539a89a1373cf9",1umdosna,False,False,False,False,1430,,t5_malji,False,,0,
121,a_ibanez,1453,1519794206.0,True,"https://styles.redditmedia.com/t5_gb8ba/styles/profileIcon_snoo2094a34f-4da4-40f0-8d6b-b83a64adc88c-headshot-f.png?width=256&height=256&crop=256:256,smart&s=88c3425695f09b69f61237ebf371314cc238bff4",1ezhn9n,False,False,False,False,6987,,t5_gb8ba,False,,0,
122,aimendezl,5190,1637144140.0,True,https://i.redd.it/snoovatar/avatars/ad68797b-aa5a-4d7e-96c8-778ce5740eb8-headshot.png,ged7qt3z,False,False,False,False,1701,,t5_5cm99l,True,,0,aldebaran
123,Mascotman,1285,1302918102.0,True,https://www.redditstatic.com/avatars/defaults/v2/avatar_default_0.png,5402o,False,False,False,False,57,,t5_epwf9,False,,0,
124,alsdhjf1,578,1407221402.0,True,https://www.redditstatic.com/avatars/defaults/v2/avatar_default_2.png,hqbsq,False,False,False,False,3,,t5_ebo0y,False,,0,
125,laughingwalls,23964,1675725836.0,True,https://i.redd.it/snoovatar/avatars/60a323d2-5dfe-4fa5-86f1-7023963315a1-headshot.png,4nnais6za,False,False,True,False,1689,,t5_7vq8qx,True,,0,
126,justmadethis0,151,1680724327.0,True,https://www.redditstatic.com/avatars/defaults/v2/avatar_default_7.png,itdr786v,False,False,False,False,30,,t5_869jw2,False,,0,
127,luquoo,7267,1327381292.0,True,https://www.redditstatic.com/avatars/defaults/v2/avatar_default_0.png,6qniw,False,False,True,False,66,,t5_1yusy1,False,,0,
128,Trungyaphets,13217,1481061255.0,True,"https://styles.redditmedia.com/t5_19la3i/styles/profileIcon_snoo9e4d7156-adb9-4f50-b763-2f59fedb458f-headshot.png?width=256&height=256&crop=256:256,smart&s=47c1660a6c039098c0c55e7cfac3df14784da0c0",13dab8,False,False,False,False,525,"https://styles.redditmedia.com/t5_19la3i/styles/profileBanner_ggd4bawaozid1.jpeg?width=1280&height=384&crop=1280:384,smart&s=982068a00002b999f84556ce7ad00d9763244c40",t5_19la3i,False,Ho lee shiet,0,
129,TheGooberOne,1523,1647414079.0,True,"https://styles.redditmedia.com/t5_60g5f9/styles/profileIcon_snoo09f79f49-6da8-4235-9261-ecad371b6ac3-headshot.png?width=256&height=256&crop=256:256,smart&s=a4a64eaa644232b0fafcd93407b58156e9653d8d",i7tdbc7t,False,False,False,False,1,,t5_60g5f9,False,,0,
130,in_meme_we_trust,2063,1644431975.0,True,https://www.redditstatic.com/avatars/defaults/v2/avatar_default_4.png,hq210pqk,False,False,False,False,1,,t5_5tr3o6,False,,0,
131,Kaiso25Gaming,90105,1444688796.0,True,"https://styles.redditmedia.com/t5_elgy4/styles/profileIcon_snoo2d47169b-ed81-4ba5-8a36-18d48c50215a-headshot.png?width=256&height=256&crop=256:256,smart&s=da9f60d5f19e287cee0a51d2dd6be2caf4dc06bb",r50m9,False,False,False,False,5783,"https://styles.redditmedia.com/t5_elgy4/styles/profileBanner_rlyttxnmnfa61.jpg?width=1280&height=384&crop=1280:384,smart&s=a6f82a7eb0d2a437e4264c82b777fc68b1a82d96",t5_elgy4,False,,0,Kaiso25Aeon
132,Kris_714,714,1594126133.0,True,"https://styles.redditmedia.com/t5_2u4c6f/styles/profileIcon_snood3f98662-eeca-4687-ab6b-eb67f5a36832-headshot-f.png?width=256&height=256&crop=256:256,smart&s=3145826d073721f0bd37f0ddf48cb25a78684fb1",76xzq58m,False,False,True,False,2553,"https://styles.redditmedia.com/t5_2u4c6f/styles/profileBanner_hf79fnapip961.jpg?width=1280&height=384&crop=1280:384,smart&s=7e5e1c6c488b2522a4d5c6b36e546771e50bc626",t5_2u4c6f,False,Empyrean ‚ù§,0,SamBlock19
133,__compactsupport__,35392,1494866743.0,True,"https://styles.redditmedia.com/t5_15z6y5/styles/profileIcon_snoo820c3ed1-3a29-4c57-a810-f87b911b4dc3-headshot-f.png?width=256&height=256&crop=256:256,smart&s=62fe3703b35cad8f72aa0ac1df9d4bc809292d2f",131vu3d,False,False,True,False,16820,,t5_15z6y5,False,,0,
134,old_bearded_beats,8576,1615073771.0,True,"https://styles.redditmedia.com/t5_42g6vw/styles/profileIcon_snoo-nftv2_bmZ0X2VpcDE1NToxMzdfNmFjYjhmYjgyODgwZDM5YzJiODQ0NmY4Nzc4YTE0ZDM0ZWU2Y2ZiN185MTUwOTU_rare_d8d0867a-2dd7-4170-bada-ef3ab360b406-headshot.png?width=256&height=256&crop=256:256,smart&s=d99b9124a30e3299be0dbd7a023a8b60a75a4bcd",ar176w44,False,False,False,False,226,,t5_42g6vw,False,,0,
135,JimmyTheCrossEyedDog,38204,1339208968.0,True,https://www.redditstatic.com/avatars/defaults/v2/avatar_default_1.png,7xwup,False,False,False,False,285,,t5_cdwtm,False,,0,
136,rstatsds,1,1726105185.0,False,https://www.redditstatic.com/avatars/defaults/v2/avatar_default_0.png,18lrdxp25c,False,False,False,False,1,,t5_cfi3j8,False,,0,
137,curiousmlmind,498,1623195409.0,True,https://www.redditstatic.com/avatars/defaults/v2/avatar_default_0.png,clz3wu4w,False,False,False,False,54,,t5_4kgb4e,True,,0,The Curious
138,Aggravating-Gas4980,0,1721280549.0,True,https://www.redditstatic.com/avatars/defaults/v2/avatar_default_1.png,137c72iloh,False,False,False,False,1,,t5_bzxcww,False,,0,Riya
139,Particular_Tap_4002,-2,1689093439.0,True,https://i.redd.it/snoovatar/avatars/5c630c7c-6b6f-4172-bdfa-e83dff751b62-headshot.png,42oc6qgj8,False,False,False,False,271,"https://styles.redditmedia.com/t5_8tfepg/styles/profileBanner_8khwcbjlvzkd1.jpg?width=1280&height=384&crop=1280:384,smart&s=ac14d536b75958f180878beb13deeaabc15053fc",t5_8tfepg,False,,0,Void
140,jetvermillion,2951,1343205410.0,True,https://www.redditstatic.com/avatars/defaults/v2/avatar_default_3.png,8g1mj,False,False,False,False,3441,,t5_c9vuh,False,,0,
141,Legitimate_Law1368,8,1713814170.0,True,https://www.redditstatic.com/avatars/defaults/v2/avatar_default_4.png,yuwneno6k,False,False,False,False,1,,t5_bd3lsr,False,,0,
142,Mimogger,98615,1261189332.0,True,https://www.redditstatic.com/avatars/defaults/v2/avatar_default_6.png,3s3rq,False,False,False,False,12,,t5_dhef9,False,,0,
143,Vinayplusj,1937,1589926439.0,True,https://i.redd.it/snoovatar/avatars/5f45799e-e2e2-48cd-b928-34dff797979b-headshot.png,5qvzuvtm,False,False,False,False,54,"https://styles.redditmedia.com/t5_2oeq31/styles/profileBanner_cwvjiedr9fa51.png?width=1280&height=384&crop=1280:384,smart&s=fb21ce0e5390245b7db411461cde378615d80acd",t5_2oeq31,False,,0,
144,sailing_oceans,1500,1640680929.0,True,https://www.redditstatic.com/avatars/defaults/v2/avatar_default_2.png,i04xxajm,False,False,False,False,18,,t5_5kkogh,True,,0,
145,snowmaninheat,39198,1444231102.0,True,"https://styles.redditmedia.com/t5_d5ixm/styles/profileIcon_snooe7ca2a14-d10d-4828-b95d-11f18156372d-headshot.png?width=256&height=256&crop=256:256,smart&s=75531662e18249ddd4679020bdcc90f187513e50",r051r,False,False,True,False,30078,"https://styles.redditmedia.com/t5_d5ixm/styles/profileBanner_nkqrrgpobtv31.jpg?width=1280&height=384&crop=1280:384,smart&s=a3985030d6afbf939b3d9847a7692ccded6a3c77",t5_d5ixm,False,I like warm hugs.,0,
146,GreatDay40,1,1725811715.0,False,https://www.redditstatic.com/avatars/defaults/v2/avatar_default_1.png,18d1cvmq01,False,False,False,False,1,,t5_cei4fh,False,,0,
147,Electronic-Mine-,8,1715148866.0,True,https://i.redd.it/snoovatar/avatars/e4b9380e-fb8a-450b-acb0-33ba4662f739-headshot.png,rwaolwbpr,False,False,False,False,20,,t5_bh5xb4,True,,0,
148,the_brown_saber,1624,1612682173.0,True,"https://styles.redditmedia.com/t5_3x1zjh/styles/profileIcon_snood166f2ac-808f-40ae-8a20-72b6c09a0740-headshot.png?width=256&height=256&crop=256:256,smart&s=7558cfd6011fcd5469ac2707659ad83bebc464a6",a7ucyree,False,False,True,False,165,,t5_3x1zjh,False,,0,
149,justin_xv,6590,1580127307.0,True,"https://styles.redditmedia.com/t5_2dx99k/styles/profileIcon_snoo-nftv2_bmZ0X2VpcDE1NToxMzdfNDY2YTMzMDg4N2JkZjYyZDUzZjk2OGVhODI0NzkzMTUwZjA3NzYyZV8xMDY4NTkw_rare_dcc5c323-e917-4ffd-a112-4c7c7e95028c-headshot.png?width=256&height=256&crop=256:256,smart&s=ce2272a2eaa6bb39cc413e831bbeea277d90529b",5jf8v52k,False,False,False,False,267,,t5_2dx99k,False,,0,
150,sweetmorty,22072,1633799355.0,True,"https://styles.redditmedia.com/t5_55kmyr/styles/profileIcon_snoo-nftv2_bmZ0X2VpcDE1NToxMzdfNDY2YTMzMDg4N2JkZjYyZDUzZjk2OGVhODI0NzkzMTUwZjA3NzYyZV81NDk3Njk_rare_d01ad4fb-7dc6-4938-a448-0c68f24f7a67-headshot.png?width=256&height=256&crop=256:256,smart&s=d8d3c3f627a3b6de10ed426cacd269db4b26e4cc",faqzrh4n,False,False,False,False,49,,t5_55kmyr,False,,0,
151,juliano1096,62,1606323893.0,True,https://i.redd.it/snoovatar/avatars/3e6b187c-6182-460d-81d3-a3049541df63-headshot.png,91dle7mh,False,False,False,False,76,,t5_3gtz9g,False,Software Engineer @Big Tech,0,Juliano
152,productanalyst9,17,1579031959.0,False,https://www.redditstatic.com/avatars/defaults/v2/avatar_default_0.png,4dj7jy40,False,False,False,False,157,,t5_2cuj74,False,,0,
153,fragileMystic,21004,1260042886.0,True,"https://styles.redditmedia.com/t5_3lw44/styles/profileIcon_snoo07e9cc72-9b83-4de2-b7be-4cf177f4a229-headshot.png?width=256&height=256&crop=256:256,smart&s=f4052612f2395c11eceb8ee77b7a5d3f896c5b15",3r9kn,False,False,True,False,3010,,t5_3lw44,False,,0,fragileMystic
154,Pristine-Item680,3070,1686812174.0,True,https://www.redditstatic.com/avatars/defaults/v2/avatar_default_7.png,dg487749b,False,False,False,False,21,,t5_8ly52l,False,,0,
155,MattDamonsTaco,24560,1468974616.0,True,"https://styles.redditmedia.com/t5_ebkv9/styles/profileIcon_snoo552e26da-81f0-4ab3-8e4a-445b8cec549f-headshot.png?width=256&height=256&crop=256:256,smart&s=059e5442483a5cfe65a14901ce32ba7c77c82343",znlfe,False,False,False,False,1085,,t5_ebkv9,True,Tacos. All kinds.,0,Anthropomorphic taco
156,TripleBogeyBandit,967,1719194669.0,True,https://i.redd.it/snoovatar/avatars/864a1b17-1097-4d20-bbac-48fd91343382-headshot.png,l3vfpi1b5,False,False,False,False,68,,t5_bt4zrd,False,,0,
157,AIHawk_Founder,28,1723714472.0,True,"https://styles.redditmedia.com/t5_c7tea3/styles/profileIcon_7bridcznyrid1.png?width=256&height=256&crop=256:256,smart&s=5e297c9649ec42e35cdb4c85b18b64a6ce51ec96",16pipskt2m,False,False,False,False,318,,t5_c7tea3,False,,0,AIHawk_Founder
158,edjuaro,32236,1378748734.0,True,"https://styles.redditmedia.com/t5_dtbz4/styles/profileIcon_snoo020699c0-e1d2-4eee-9445-32b5c119cc85-headshot.png?width=256&height=256&crop=256:256,smart&s=f981f7d00b3f6dac14d3535f2591bdd99f09155d",d2ome,False,False,True,False,10172,,t5_dtbz4,False,,0,
159,AbdurRashidSalafi,0,1726068515.0,True,https://i.redd.it/snoovatar/avatars/603fc0f1-e856-46ea-904b-546c57cc1f5b-headshot.png,18kprrfoe8,False,False,False,False,1,,t5_cfd1tm,False,Always learning!,0,Rashid
160,starktonny11,63,1639768947.0,False,"https://styles.redditmedia.com/t5_5ibe16/styles/profileIcon_snoof0c2201a-d312-44a4-aa71-79bb720caee9-headshot.png?width=256&height=256&crop=256:256,smart&s=5bed795a165003a22b8a715d2aa3f04cbf3dcb06",ho1a9b6u,False,False,False,False,73,,t5_5ibe16,False,,0,
161,clarinetist001,5049,1406011672.0,True,"https://styles.redditmedia.com/t5_b5dfs/styles/profileIcon_snoo1902c74f-6a29-4d74-be7f-6bb1d057bb85-headshot.png?width=256&height=256&crop=256:256,smart&s=0befcf5f6f59ac043d12ce02368383bf627e7ffd",him5k,False,False,False,False,6189,,t5_b5dfs,False,,0,
162,Bjanec,84,1611472662.0,True,https://www.redditstatic.com/avatars/defaults/v2/avatar_default_0.png,9yrcu47c,False,False,False,False,1,,t5_3ruso5,False,,0,
163,stelaukin,2486,1497669528.0,True,"https://styles.redditmedia.com/t5_7j6sm/styles/profileIcon_snoo19e3f543-1c10-4e29-a64e-9f8c1f84ba65-headshot.png?width=256&height=256&crop=256:256,smart&s=cb50df2dd6f9475aa213994b5e25b8d68b51d264",4b0j3rf,False,False,False,False,1850,,t5_7j6sm,False,,0,
164,cy_kelly,213509,1442708176.0,True,https://www.redditstatic.com/avatars/defaults/v2/avatar_default_3.png,qlip7,False,False,False,False,2579,,t5_eo53e,False,,0,
165,danielfm123,8134,1504266769.0,True,https://www.redditstatic.com/avatars/defaults/v2/avatar_default_2.png,cfcrmwq,False,False,False,False,2056,,t5_7emeo,True,,0,
166,dlchira,135912,1516465613.0,True,"https://styles.redditmedia.com/t5_dy2ck/styles/profileIcon_tdk3wnqux6lc1.jpeg?width=256&height=256&crop=256:256,smart&s=80befaa2dcbd34a077d02cf42dd052a3017ac907",r5stgpn,False,False,False,False,19131,"https://styles.redditmedia.com/t5_dy2ck/styles/profileBanner_y1g4c2sii1tc1.jpeg?width=1280&height=384&crop=1280:384,smart&s=3d047ea85755d5464736959aad11ff0db37a5aa0",t5_dy2ck,False,"Dog dad, trail runner, and scientist in Colorado Springs",0,
167,gomezalp,42,1721268251.0,False,https://i.redd.it/snoovatar/avatars/4e5d2b47-ceb3-40c6-8d0f-43d364f6a323-headshot.png,14rou3o9c0,False,False,False,False,43,,t5_bzvu8h,False,,0,FernanZea
168,Sargasm666,6623,1706637082.0,True,https://i.redd.it/snoovatar/avatars/c16cd72d-7d44-4de5-9bb8-dd8a51696da0-headshot.png,t4wpirzv2,False,False,False,False,1,,t5_aozze8,False,,0,
169,gBoostedMachinations,28006,1623598410.0,True,"https://styles.redditmedia.com/t5_4lk40v/styles/profileIcon_snoo-nftv2_bmZ0X2VpcDE1NToxMzdfNDY2YTMzMDg4N2JkZjYyZDUzZjk2OGVhODI0NzkzMTUwZjA3NzYyZV82NDMwODI_rare_a7ab1263-e9d7-4f28-9b57-e6e8627bef1b-headshot.png?width=256&height=256&crop=256:256,smart&s=ac9b821ef4b22913a4602dfac80fd253eafe459a",cp98ie3n,False,False,False,False,173,,t5_4lk40v,False,,0,
170,Atmosck,120745,1310865210.0,True,"https://styles.redditmedia.com/t5_evjpv/styles/profileIcon_snoob089f5c3-c4c2-4d69-972a-a1a402948997-headshot.png?width=256&height=256&crop=256:256,smart&s=708abd6b814de19b07296b931b0c6d2bcca3f2d7",5iy15,False,False,False,False,9323,,t5_evjpv,False,,0,
171,thicket,23724,1297286208.0,True,"https://styles.redditmedia.com/t5_cy1x8/styles/profileIcon_9sqmnpfep2891.jpg?width=256&height=256&crop=256:256,smart&s=386c4a48331a7b374e7cba263acfe1cd17cc2cbd",4tp6h,False,False,False,False,311,,t5_cy1x8,False,,0,
172,oldmangandalfstyle,6827,1365287684.0,True,https://www.redditstatic.com/avatars/defaults/v2/avatar_default_4.png,b7z7g,False,False,False,False,1466,,t5_1v7t4f,False,,0,
173,minastepes,11763,1439203401.0,True,"https://styles.redditmedia.com/t5_aifsh/styles/profileIcon_snoo-nftv2_bmZ0X2VpcDE1NToxMzdfNmFjYjhmYjgyODgwZDM5YzJiODQ0NmY4Nzc4YTE0ZDM0ZWU2Y2ZiN18yOTgxMzA_rare_2b88a535-3774-4c54-8a71-3c6a16f9cee9-headshot.png?width=256&height=256&crop=256:256,smart&s=c279dea9e27b08a21325ad9b6e598977daee4405",pfzww,False,False,False,False,192,,t5_aifsh,True,,0,
174,Vegetable-Balance-53,7351,1600219690.0,True,https://www.redditstatic.com/avatars/defaults/v2/avatar_default_2.png,83wns482,False,False,False,False,35,,t5_34m5yp,False,,0,
175,Revolutionary-Day42,13,1600835463.0,True,"https://styles.redditmedia.com/t5_35qgsv/styles/profileIcon_snoo1b8787a2-c750-49cc-90f3-7aa88b06d1af-headshot.png?width=256&height=256&crop=256:256,smart&s=0557a7cdb94e99132cdf77ee1c32079281c1e76a",875ye8xl,False,False,False,False,3,,t5_35qgsv,True,,0,
176,Dull_Road_9619,17,1629064756.0,True,https://www.redditstatic.com/avatars/defaults/v2/avatar_default_5.png,dxs90l91,False,False,False,False,1,,t5_4wmpwm,False,,0,
177,ImGallo,403,1551748708.0,True,https://i.redd.it/snoovatar/avatars/1dc67974-a1fe-45e1-8497-2bb9305b71f4-headshot.png,3chtqrah,False,False,False,False,56,,t5_xlrrp,False,,0,
178,Will_Tomos_Edwards,443,1652231976.0,True,"https://styles.redditmedia.com/t5_6cnl00/styles/profileIcon_22df0ma7c6nc1.png?width=256&height=256&crop=256:256,smart&s=37fa3ba3fe5fbc32ccb93402abb4020e150bc8ab",my91pdoi,False,False,False,False,197,"https://styles.redditmedia.com/t5_6cnl00/styles/profileBanner_rfv6cer9c6nc1.png?width=1280&height=384&crop=1280:384,smart&s=c6df6c2b2a5c7a4a1b236a1f7366a3f417c7a7e6",t5_6cnl00,False,"I made this account with the goal of promoting my writing. I work in the data-space and write about a variety of topics related to science, technology, culture and politics.",0,
179,Smarterchild1337,2129,1546279836.0,True,"https://styles.redditmedia.com/t5_tshp4/styles/profileIcon_snoodc26249a-db01-41de-8b5f-0e2b99bc7e7a-headshot-f.png?width=256&height=256&crop=256:256,smart&s=58535b62d3f6b19f2391371d720a6f8a3e4b04ba",4dbtr8,False,False,False,False,799,,t5_tshp4,False,,0,
180,jonnyboyrebel,8493,1602532345.0,True,https://www.redditstatic.com/avatars/defaults/v2/avatar_default_2.png,8g9nomfe,False,False,True,False,84,,t5_38ws7d,False,,0,
181,OmnipresentCPU,40433,1555334875.0,True,https://www.redditstatic.com/avatars/defaults/v2/avatar_default_2.png,3lrnppmi,False,False,False,False,5268,,t5_zsi44,False,,0,
182,NotMyRealName778,38009,1591868722.0,True,"https://styles.redditmedia.com/t5_2r86h9/styles/profileIcon_snoo60d0a190-3f83-4f11-a16b-d0664b62774d-headshot-f.png?width=256&height=256&crop=256:256,smart&s=7f5688d0a29fcf64cd4419acc5c71c991392fe93",6qg02t4l,False,False,True,False,1789,"https://styles.redditmedia.com/t5_2r86h9/styles/profileBanner_gqd5eocfd9451.jpg?width=1280&height=384&crop=1280:384,smart&s=3c899eab7bbb6b0d0b01e1b2d1cd5791e6b402b5",t5_2r86h9,False,,0,
183,fishnet222,453,1714879236.0,False,https://www.redditstatic.com/avatars/defaults/v2/avatar_default_0.png,fe2o7y4g,False,False,False,False,1,,t5_bgd50a,False,,0,
184,Novel_Frosting_1977,19738,1600451390.0,True,"https://styles.redditmedia.com/t5_351mw6/styles/profileIcon_snoo6fa5d489-3ca9-4695-904c-9ead43782ea5-headshot.png?width=256&height=256&crop=256:256,smart&s=1d2338e37cfecf95cb7ae0b3663e1b3787d85821",3hsrhmve,False,False,False,False,5072,,t5_351mw6,False,,0,
185,SaraSavvy24,13,1718812846.0,True,https://i.redd.it/snoovatar/avatars/f42365e0-a395-43be-8e7f-a891cb910cc6-headshot.png,q36mt9qa,False,False,True,True,109,"https://styles.redditmedia.com/t5_bs0h61/styles/profileBanner_n3qypa9dmand1.png?width=1280&height=384&crop=1280:384,smart&s=076c1bd322f3b91fcaba90d84ea7507fd1ec051f",t5_bs0h61,False,I love Data and Science üß™  = Data Science,0,Data Scientist 
