user,id,subreddit,created_utc,title,score,num_comments,permalink
imoutidi,1fpuzki,Tinyman,1727353777.0,Can not connect Tinyman v2 with Pera wallet,6,2,/r/Tinyman/comments/1fpuzki/can_not_connect_tinyman_v2_with_pera_wallet/
imoutidi,1475715,u_imoutidi,1686517195.0,"[OC] Top 200 subreddits participation status, as of 1:00AM PST, in the June 12th protest against API changes. (Red = participating)",1,0,/r/u_imoutidi/comments/1475715/oc_top_200_subreddits_participation_status_as_of/
imoutidi,vg92pc,OnePiece,1655686303.0,Stating the obvious about what One Piece might be.,0,22,/r/OnePiece/comments/vg92pc/stating_the_obvious_about_what_one_piece_might_be/
imoutidi,s0h3l0,datascience,1641810943.0,Evolution of programmers communities on Stack Overflow,1,0,/r/datascience/comments/s0h3l0/evolution_of_programmers_communities_on_stack/
imoutidi,rh0drl,yieldly,1639578673.0,Claimed Yieldly do not appear on algo wallet,0,2,/r/yieldly/comments/rh0drl/claimed_yieldly_do_not_appear_on_algo_wallet/
TheRealBaele,1ndnolr,math,1757532081.0,[Update] Mathpad campaign closing tomorrow - Thank you r/math!,7,0,/r/math/comments/1ndnolr/update_mathpad_campaign_closing_tomorrow_thank/
TheRealBaele,1mvehei,Physics,1755695688.0,"I got tired of hunting for symbols, so I built a hardware solution",674,98,/r/Physics/comments/1mvehei/i_got_tired_of_hunting_for_symbols_so_i_built_a/
TheRealBaele,1mi5xhh,math,1754391155.0,New math productivity tool: Mathpad,135,18,/r/math/comments/1mi5xhh/new_math_productivity_tool_mathpad/
TheRealBaele,1mhnucx,chemistry,1754337211.0,"New math productivity tool , how can it be modified for chemists?",12,8,/r/chemistry/comments/1mhnucx/new_math_productivity_tool_how_can_it_be_modified/
TheRealBaele,1kxk6y5,EngineeringStudents,1748446514.0,I made a keypad that makes it easier to type math,2,0,/r/EngineeringStudents/comments/1kxk6y5/i_made_a_keypad_that_makes_it_easier_to_type_math/
NerdyMcDataNerd,1k4geso,datascience,1745249434.0,Ever met a person you think lied about working in Data Science?,278,154,/r/datascience/comments/1k4geso/ever_met_a_person_you_think_lied_about_working_in/
NerdyMcDataNerd,1ir3o2h,datascience,1739742729.0,Dataflow Diagrams and Other Planning?,7,3,/r/datascience/comments/1ir3o2h/dataflow_diagrams_and_other_planning/
No-Giraffe-4877,1nbj3hq,learndatascience,1757323625.0,Pipeline et challenge pour comparer une IA pr√©dictive temps r√©el (STAR-X) sans API,1,0,/r/learndatascience/comments/1nbj3hq/pipeline_et_challenge_pour_comparer_une_ia/
No-Giraffe-4877,1nbj2qj,datascience,1757323547.0,Pipeline et challenge pour comparer une IA pr√©dictive temps r√©el (STAR-X) sans API,1,1,/r/datascience/comments/1nbj2qj/pipeline_et_challenge_pour_comparer_une_ia/
No-Giraffe-4877,1nbj17o,learndatascience,1757323391.0,Concours pour comparer une IA de pronostics hippiques sans API (STAR-X),1,0,/r/learndatascience/comments/1nbj17o/concours_pour_comparer_une_ia_de_pronostics/
No-Giraffe-4877,1nbi8vq,learndatascience,1757320290.0,Concours pour comparer une IA de pronostics hippiques sans API (STAR-X),1,0,/r/learndatascience/comments/1nbi8vq/concours_pour_comparer_une_ia_de_pronostics/
No-Giraffe-4877,1nbhu1k,MachineLearning,1757318648.0,Post Reddit ‚Äì Concours de m√©thodes pr√©dictives turf,1,1,/r/MachineLearning/comments/1nbhu1k/post_reddit_concours_de_m√©thodes_pr√©dictives_turf/
Efficient_Role607,1mxthyb,Chromebooksrus,1755928533.0,How far can ChromeOS go for professional work?,9,7,/r/Chromebooksrus/comments/1mxthyb/how_far_can_chromeos_go_for_professional_work/
Efficient_Role607,1mxthiu,chromeos,1755928491.0,How far can ChromeOS go for professional work?,19,27,/r/chromeos/comments/1mxthiu/how_far_can_chromeos_go_for_professional_work/
fenrirbatdorf,1lss1c5,datascience,1751774189.0,Reliable DS Adjacent Fields Hiring for Bachelor's Degree?,35,30,/r/datascience/comments/1lss1c5/reliable_ds_adjacent_fields_hiring_for_bachelors/
fenrirbatdorf,1k1qtr5,50501,1744932457.0,TELL EVERYONE ABOUT THIS WEEKEND.,429,41,/r/50501/comments/1k1qtr5/tell_everyone_about_this_weekend/
fenrirbatdorf,1jovy33,EnterTheGungeon,1743515116.0,Absolute must tips,17,43,/r/EnterTheGungeon/comments/1jovy33/absolute_must_tips/
fenrirbatdorf,1jombvi,EnterTheGungeon,1743478540.0,I wanna die,24,17,/r/EnterTheGungeon/comments/1jombvi/i_wanna_die/
fenrirbatdorf,1jj7tmn,EnoughMuskSpam,1742865764.0,What does Ketamine do to your brain?,2,7,/r/EnoughMuskSpam/comments/1jj7tmn/what_does_ketamine_do_to_your_brain/
optimization_ml,1mzgxso,leetcode,1756095733.0,ASM Codility,1,0,/r/leetcode/comments/1mzgxso/asm_codility/
optimization_ml,1mzgng5,quantfinance,1756094775.0,Bank of America/Wells Fargo Quant,17,17,/r/quantfinance/comments/1mzgng5/bank_of_americawells_fargo_quant/
optimization_ml,1glwg81,Cholesterol,1731001831.0,Any issues or suggestions for me?,2,1,/r/Cholesterol/comments/1glwg81/any_issues_or_suggestions_for_me/
optimization_ml,1g4hs7u,interestingasfuck,1729024707.0,Only in India: Burning Car Starts Moving Forward in Jaipur ,1,0,/r/interestingasfuck/comments/1g4hs7u/only_in_india_burning_car_starts_moving_forward/
optimization_ml,1g1e3vt,MachineLearning,1728664710.0,[Discussion] ML Models for ODE/PDE or Math Problems,11,12,/r/MachineLearning/comments/1g1e3vt/discussion_ml_models_for_odepde_or_math_problems/
NYC_Bus_Driver,1n6w5vu,SouthwestAirlines,1756848452.0,Southwest has sent out a survey about concepts for a new Southwest lounge,42,91,/r/SouthwestAirlines/comments/1n6w5vu/southwest_has_sent_out_a_survey_about_concepts/
NYC_Bus_Driver,1mkmfye,NYCjobs,1754629602.0,[For Hire] Occasional Weekend Bus Driver,1,2,/r/NYCjobs/comments/1mkmfye/for_hire_occasional_weekend_bus_driver/
koolaidman123,1cpmvji,StrongerByScience,1715449303.0,BFR Squats replacing regular squats for long-term strength gains?,1,11,/r/StrongerByScience/comments/1cpmvji/bfr_squats_replacing_regular_squats_for_longterm/
koolaidman123,ygp4os,AeroPress,1667063541.0,fellow prismo makes coffee taste harsher,5,8,/r/AeroPress/comments/ygp4os/fellow_prismo_makes_coffee_taste_harsher/
koolaidman123,uzpif5,MachineLearning,1653751331.0,"[R] How to train your ViT? Data, Augmentation, and Regularization in Vision Transformers",11,0,/r/MachineLearning/comments/uzpif5/r_how_to_train_your_vit_data_augmentation_and/
koolaidman123,rfyd8o,MachineLearning,1639453614.0,[R] GLaM: Efficient Scaling of Language Models with Mixture-of-Experts,22,0,/r/MachineLearning/comments/rfyd8o/r_glam_efficient_scaling_of_language_models_with/
koolaidman123,q2a75v,MachineLearning,1633483404.0,[R] Exploring the Limits of Large Scale Pre-training,2,1,/r/MachineLearning/comments/q2a75v/r_exploring_the_limits_of_large_scale_pretraining/
oddoud,1ndmsb0,perplexity_ai,1757530068.0,Anyone else experiencing Perplexity mobile app freezing lately?,5,6,/r/perplexity_ai/comments/1ndmsb0/anyone_else_experiencing_perplexity_mobile_app/
QianLu,1fmedyb,turning,1726956974.0,Tool Roll Recommendations?,8,7,/r/turning/comments/1fmedyb/tool_roll_recommendations/
QianLu,19em310,CompetitiveApex,1706116240.0,"Why is there a contest at Geyser (NA, Groups A vs B)",36,21,/r/CompetitiveApex/comments/19em310/why_is_there_a_contest_at_geyser_na_groups_a_vs_b/
QianLu,18rriqn,turning,1703650585.0,Has anyone used the setup blocks for the wolverine jig?,5,12,/r/turning/comments/18rriqn/has_anyone_used_the_setup_blocks_for_the/
QianLu,164umo1,MelvorIdle,1693343653.0,Any reason to keep these weapons?,3,4,/r/MelvorIdle/comments/164umo1/any_reason_to_keep_these_weapons/
QianLu,15wtfq9,MelvorIdle,1692581802.0,Farming multiple FEZ?,4,5,/r/MelvorIdle/comments/15wtfq9/farming_multiple_fez/
EstablishmentHead569,1h7cj7p,datascience,1733414596.0,Retail and Machine Learning,81,42,/r/datascience/comments/1h7cj7p/retail_and_machine_learning/
EstablishmentHead569,1gl05mj,datascience,1730904421.0,Doing Data Science with GPT..,292,126,/r/datascience/comments/1gl05mj/doing_data_science_with_gpt/
EstablishmentHead569,1es4jtj,datascience,1723649250.0,Deploying torch models ,4,24,/r/datascience/comments/1es4jtj/deploying_torch_models/
EstablishmentHead569,19cze7c,datascience,1705940474.0,Managers without a tech/ data background,22,18,/r/datascience/comments/19cze7c/managers_without_a_tech_data_background/
EstablishmentHead569,17jmq2n,datascience,1698645630.0,Maintaining a work life balance,71,51,/r/datascience/comments/17jmq2n/maintaining_a_work_life_balance/
Factitious_Character,1ncmcgf,datascience,1757432468.0,Pytorch lightning vs pytorch,62,19,/r/datascience/comments/1ncmcgf/pytorch_lightning_vs_pytorch/
Factitious_Character,1lutcez,AskReddit,1751992613.0,What is the best way to limit the amount of damage that others can do to you by taking advantage of your mistakes?,1,7,/r/AskReddit/comments/1lutcez/what_is_the_best_way_to_limit_the_amount_of/
Factitious_Character,1eteku9,learnmachinelearning,1723778306.0,mathematics for machine learning book,4,2,/r/learnmachinelearning/comments/1eteku9/mathematics_for_machine_learning_book/
webbed_feets,1mt0p7e,managers,1755460206.0,Leaving my first management job. Reflections on a year of managing people.,454,33,/r/managers/comments/1mt0p7e/leaving_my_first_management_job_reflections_on_a/
webbed_feets,1jdrhrl,jobs,1742255114.0,Boss want me to make their PowerPoint presentations for them. It feels demeaning. Is it a workplace culture thing I don‚Äôt understand?,12,10,/r/jobs/comments/1jdrhrl/boss_want_me_to_make_their_powerpoint/
webbed_feets,1ixg58f,biostatistics,1740438980.0,Biostatistics Jobs Outside of Clinical Trials,12,5,/r/biostatistics/comments/1ixg58f/biostatistics_jobs_outside_of_clinical_trials/
webbed_feets,1fi3pfb,tolkienfans,1726490795.0,Are there any books that provide a history of all of Tolkien‚Äôs writings? I want to know when stories in the Legendarium were written relative to each other.,20,13,/r/tolkienfans/comments/1fi3pfb/are_there_any_books_that_provide_a_history_of_all/
webbed_feets,1ch37hz,tolkienfans,1714509683.0,Is Turin's participation in Dagor Dagorath the only instance of a human returning from outside of Arda? Do we have any sense of how this happens?,38,32,/r/tolkienfans/comments/1ch37hz/is_turins_participation_in_dagor_dagorath_the/
vornamemitd,1moay87,consulting,1755010516.0,Made me lol - at first,5,4,/r/consulting/comments/1moay87/made_me_lol_at_first/
vornamemitd,1m8d3m9,privacy,1753383634.0,WiFi tracking just received an AI upgrade,159,13,/r/privacy/comments/1m8d3m9/wifi_tracking_just_received_an_ai_upgrade/
vornamemitd,1m0t48y,Cyberpunk,1752611944.0,"Dystopia, anyone?",1419,69,/r/Cyberpunk/comments/1m0t48y/dystopia_anyone/
vornamemitd,1k36fv2,cassettefuturism,1745097025.0,"Hungarian women programming computers, 1973 (Credits:Fortepan.hu",240,1,/r/cassettefuturism/comments/1k36fv2/hungarian_women_programming_computers_1973/
vornamemitd,1k28ulo,LocalLLaMA,1744993031.0,Time to step up the /local reasoning game,358,76,/r/LocalLLaMA/comments/1k28ulo/time_to_step_up_the_local_reasoning_game/
ButtFlannel69,1ne1d5t,datascience,1757571506.0,Collaborating with data teams,1,1,/r/datascience/comments/1ne1d5t/collaborating_with_data_teams/
ButtFlannel69,1nd6p8o,ProductManagement,1757485381.0,Collaborating with data teams,4,7,/r/ProductManagement/comments/1nd6p8o/collaborating_with_data_teams/
TserriednichThe4th,1mtrfjd,PokemonSleep,1755535651.0,First time seeing raikou,3,8,/r/PokemonSleep/comments/1mtrfjd/first_time_seeing_raikou/
TserriednichThe4th,1kgend2,u_TserriednichThe4th,1746562866.0,"Devil Fruits aren't the big mystery, Haki is.",1,0,/r/u_TserriednichThe4th/comments/1kgend2/devil_fruits_arent_the_big_mystery_haki_is/
TserriednichThe4th,1kgel5s,OnePiece,1746562720.0,"Devil Fruits aren't the big mystery, Haki is.",0,7,/r/OnePiece/comments/1kgel5s/devil_fruits_arent_the_big_mystery_haki_is/
TserriednichThe4th,1k9ak4r,centrist,1745777787.0,Trump is deporting citizen babies. That is it. That is the thread,140,508,/r/centrist/comments/1k9ak4r/trump_is_deporting_citizen_babies_that_is_it_that/
TserriednichThe4th,1jyw3j0,PokemonSleep,1744628517.0,Darkrai event: got to level 13 but didnt get darkrai?,1,1,/r/PokemonSleep/comments/1jyw3j0/darkrai_event_got_to_level_13_but_didnt_get/
alpinecomet,1mxpa8z,languagelearning,1755914869.0,Rate my language learning habit / soliciting feedback,7,18,/r/languagelearning/comments/1mxpa8z/rate_my_language_learning_habit_soliciting/
WritingLazy5900,1m6jhyk,adhdwomen,1753203423.0,feeling angrier than normal on days off my meds?,1,2,/r/adhdwomen/comments/1m6jhyk/feeling_angrier_than_normal_on_days_off_my_meds/
WritingLazy5900,1m0k3em,ProductManagement,1752591701.0,AI Data analysis tools for tagging and sentiment analysis,8,19,/r/ProductManagement/comments/1m0k3em/ai_data_analysis_tools_for_tagging_and_sentiment/
WritingLazy5900,1m0jzy2,dataanalysis,1752591484.0,what AI tools are actually good for tagging and sentiment analysis?,4,12,/r/dataanalysis/comments/1m0jzy2/what_ai_tools_are_actually_good_for_tagging_and/
WritingLazy5900,1lvvccm,BrevilleCoffee,1752097586.0,Is Breville manufacturing quality the same as Nespresso?,1,10,/r/BrevilleCoffee/comments/1lvvccm/is_breville_manufacturing_quality_the_same_as/
WritingLazy5900,1lvvagz,nespresso,1752097460.0,Has anyone ran into Vertuo Next overheating issues recently?,1,4,/r/nespresso/comments/1lvvagz/has_anyone_ran_into_vertuo_next_overheating/
Maximum_Perspective3,194ucrl,Chinavisa,1705063999.0,"Pls help, stuck in TFU at Chengdu",0,7,/r/Chinavisa/comments/194ucrl/pls_help_stuck_in_tfu_at_chengdu/
Maximum_Perspective3,14pcusq,TheWeeknd,1688371940.0,London July 8th Times,4,4,/r/TheWeeknd/comments/14pcusq/london_july_8th_times/
Maximum_Perspective3,zayiha,TheWeeknd,1670016976.0,Will my view be blocked? I got section 133.,1,1,/r/TheWeeknd/comments/zayiha/will_my_view_be_blocked_i_got_section_133/
Maximum_Perspective3,z9lcfj,TheWeeknd,1669893628.0,Standing (London or Manchester),1,0,/r/TheWeeknd/comments/z9lcfj/standing_london_or_manchester/
Maximum_Perspective3,z9lan1,TheWeeknd,1669893468.0,Standing tickets,1,1,/r/TheWeeknd/comments/z9lan1/standing_tickets/
ciaoshescu,1ne37bs,datascience,1757578723.0,Looking for recent research on explainable AI (XAI),4,5,/r/datascience/comments/1ne37bs/looking_for_recent_research_on_explainable_ai_xai/
ciaoshescu,1do6m2g,Leipzig,1719323758.0,Hilfe: Rasiermesser sch√§rfen,1,15,/r/Leipzig/comments/1do6m2g/hilfe_rasiermesser_sch√§rfen/
ciaoshescu,1b2w150,Leipzig,1709197541.0,KI/ML Meetup in Leipzig,0,12,/r/Leipzig/comments/1b2w150/kiml_meetup_in_leipzig/
ciaoshescu,1ancbp1,YixingSeals,1707556284.0,A machined pot? Can I use it for tea brewing?,2,0,/r/YixingSeals/comments/1ancbp1/a_machined_pot_can_i_use_it_for_tea_brewing/
ciaoshescu,1ajdkwo,YixingSeals,1707129585.0,Trying to figure out if zisha pot real,1,4,/r/YixingSeals/comments/1ajdkwo/trying_to_figure_out_if_zisha_pot_real/
telperion101,1mze11t,watchrepair,1756086779.0,Tips on replacing a crown,6,3,/r/watchrepair/comments/1mze11t/tips_on_replacing_a_crown/
telperion101,1lyygyf,watchrepair,1752427595.0,Whats the best way to remove a Marathon case back?,9,5,/r/watchrepair/comments/1lyygyf/whats_the_best_way_to_remove_a_marathon_case_back/
telperion101,1lan974,hvacadvice,1749839075.0,Water Leak from Condensor,1,0,/r/hvacadvice/comments/1lan974/water_leak_from_condensor/
telperion101,16fca99,landscaping,1694381205.0,What should I do around my shed?,5,3,/r/landscaping/comments/16fca99/what_should_i_do_around_my_shed/
telperion101,s73mlf,goldenretrievers,1642529044.0,Golden on the beach,68,4,/r/goldenretrievers/comments/s73mlf/golden_on_the_beach/
Mobile_Scientist1310,1mzgdh8,analytics,1756093885.0,Built a package for marketing mix modeling using PyTorch,5,11,/r/analytics/comments/1mzgdh8/built_a_package_for_marketing_mix_modeling_using/
Mobile_Scientist1310,1l6u0gx,eb_1a,1749437248.0,Data Science Open review Journals,1,0,/r/eb_1a/comments/1l6u0gx/data_science_open_review_journals/
Mobile_Scientist1310,1hvi7o0,SunPower,1736220424.0,Transfer of ownership,4,6,/r/SunPower/comments/1hvi7o0/transfer_of_ownership/
Mobile_Scientist1310,1etdk6f,usvisascheduling,1723775160.0,H1B Dropbox scheduling,0,18,/r/usvisascheduling/comments/1etdk6f/h1b_dropbox_scheduling/
Mobile_Scientist1310,1emugj0,homesecurity,1723083664.0,Help in getting moose z1100r to work,3,11,/r/homesecurity/comments/1emugj0/help_in_getting_moose_z1100r_to_work/
ddofer,1hbqfy1,photography,1733912311.0,Fuji switcher: Low-Light advice: Sony/Nikon Bodies and F2 Zoom Ergonomics?,1,2,/r/photography/comments/1hbqfy1/fuji_switcher_lowlight_advice_sonynikon_bodies/
ddofer,1hbqb9t,Nikon,1733911746.0,Fuji Low-light switcher: F2 zooms ergonomics advice?,2,6,/r/Nikon/comments/1hbqb9t/fuji_lowlight_switcher_f2_zooms_ergonomics_advice/
ddofer,1hbqb1c,SonyAlpha,1733911716.0,Fuji Low-light switcher: F2 zooms ergonomics advice?,1,7,/r/SonyAlpha/comments/1hbqb1c/fuji_lowlight_switcher_f2_zooms_ergonomics_advice/
ddofer,1e4k5qz,statistics,1721121444.0,[R]  Protein language models expose viral mimicry and immune escape,0,0,/r/statistics/comments/1e4k5qz/r_protein_language_models_expose_viral_mimicry/
ddofer,1e4k4wh,biology,1721121338.0,[R]  Protein language models expose viral mimicry and immune escape,4,4,/r/biology/comments/1e4k4wh/r_protein_language_models_expose_viral_mimicry/
CycoPie,1n2pqhb,mlmscams,1756418677.0,Let me know if this is a scam..,9,26,/r/mlmscams/comments/1n2pqhb/let_me_know_if_this_is_a_scam/
CycoPie,1n1iet0,streetwearstartup,1756304526.0,Release Date Before Having a Following?,0,1,/r/streetwearstartup/comments/1n1iet0/release_date_before_having_a_following/
CycoPie,1mutecy,AskStatistics,1755633882.0,My university doesn't offer a Stats Bachelors- best pairing for a minor?,3,9,/r/AskStatistics/comments/1mutecy/my_university_doesnt_offer_a_stats_bachelors_best/
CycoPie,1moutj9,unt,1755059161.0,Pre-Reqs for Data Science?,2,1,/r/unt/comments/1moutj9/prereqs_for_data_science/
CycoPie,1mhnxms,college,1754337418.0,Community College Transfer and Experience?,1,1,/r/college/comments/1mhnxms/community_college_transfer_and_experience/
Weary_Particular_963,1nbz4lu,EnvironmentalEngineer,1757363837.0,"Modeling, Simulation, and Data-focused Environmental Engineering jobs? College Student Seeking Advice.",11,7,/r/EnvironmentalEngineer/comments/1nbz4lu/modeling_simulation_and_datafocused_environmental/
Weary_Particular_963,1mvzqmw,UniversityofVermont,1755745898.0,Fire alarms?,1,6,/r/UniversityofVermont/comments/1mvzqmw/fire_alarms/
Weary_Particular_963,1m5u24u,UniversityofVermont,1753129767.0,Fridge for dorm,0,4,/r/UniversityofVermont/comments/1m5u24u/fridge_for_dorm/
Weary_Particular_963,1m0siak,UniversityofVermont,1752610554.0,Paper vs digital? Seeking backpack advice,1,4,/r/UniversityofVermont/comments/1m0siak/paper_vs_digital_seeking_backpack_advice/
Weary_Particular_963,1lnznrz,UniversityofVermont,1751261850.0,How do I manage my laptop charge?,5,5,/r/UniversityofVermont/comments/1lnznrz/how_do_i_manage_my_laptop_charge/
garden-snail,1nc05td,careeradvice,1757366226.0,Advice for making mistakes at work,1,2,/r/careeradvice/comments/1nc05td/advice_for_making_mistakes_at_work/
garden-snail,1ly0ur2,careerguidance,1752327981.0,What's your advice for surviving day to day in a job you hate (while applying to get out)?,8,2,/r/careerguidance/comments/1ly0ur2/whats_your_advice_for_surviving_day_to_day_in_a/
garden-snail,1k09myr,careeradvice,1744769996.0,Have you ever gotten ‚Äúthe ick‚Äù at a job you previously liked?,60,34,/r/careeradvice/comments/1k09myr/have_you_ever_gotten_the_ick_at_a_job_you/
garden-snail,1h2rowu,Journaling,1732903312.0,Does anyone also draw/collage on Tomoe River paper in addition to writing? ,3,1,/r/Journaling/comments/1h2rowu/does_anyone_also_drawcollage_on_tomoe_river_paper/
garden-snail,1d6nte8,ObsidianMD,1717363440.0,"If you use Obsidian for a Zettelkasten (or something similar), what is your practice like?",14,4,/r/ObsidianMD/comments/1d6nte8/if_you_use_obsidian_for_a_zettelkasten_or/
tongEntong,1n88n6n,analytics,1756988555.0,Data analyst building ML model in business team. Is this data scientist just playing gatekeeping politics/ being territorial or am I missing something?,6,12,/r/analytics/comments/1n88n6n/data_analyst_building_ml_model_in_business_team/
tongEntong,1n88eo0,auscorp,1756987881.0,Data analyst building Machine Learning model in business team. Is this data scientist just gatekeeping/ being territorial or am I missing something?,0,12,/r/auscorp/comments/1n88eo0/data_analyst_building_machine_learning_model_in/
tongEntong,1n88dzv,learnmachinelearning,1756987827.0,Data analyst building ML model in business team. Is this data scientist just gatekeeping/ being territorial or am I missing something?,2,1,/r/learnmachinelearning/comments/1n88dzv/data_analyst_building_ml_model_in_business_team/
tongEntong,1n88cgm,BusinessIntelligence,1756987708.0,Data analyst building ML model in business team. Is this data scientist just gatekeeping/ being territorial or am I missing something?,4,6,/r/BusinessIntelligence/comments/1n88cgm/data_analyst_building_ml_model_in_business_team/
tongEntong,1n889bk,learndatascience,1756987466.0,"Data analyst building Machine Learning model in business team, is this data scientist just gatekeeping or am I missing something?",2,2,/r/learndatascience/comments/1n889bk/data_analyst_building_machine_learning_model_in/
Drakkur,1db6vyg,BudgetBrews,1717864421.0,"Budget Chatterfang, looking for advice",5,9,/r/BudgetBrews/comments/1db6vyg/budget_chatterfang_looking_for_advice/
Drakkur,bhp97n,wowguilds,1556300965.0,[H][US][Mal'Ganis] <Backpedal Manuever> 7/9M LF RShaman and RDPS,1,0,/r/wowguilds/comments/bhp97n/husmalganis_backpedal_manuever_79m_lf_rshaman_and/
Drakkur,ay4jmq,wowguilds,1551909379.0,[H][US][Mal'Ganis] <Backpedal Maneuver> 2-Day 4/9M Recruiting RDPS,1,0,/r/wowguilds/comments/ay4jmq/husmalganis_backpedal_maneuver_2day_49m/
Drakkur,akpa8o,wowguilds,1548694140.0,"[US][H][Mal'Ganis][2-Day] <Backpedal Maneuver> 7/8M (Uld), 5/9H (BoD) LF Quality DPS",1,2,/r/wowguilds/comments/akpa8o/ushmalganis2day_backpedal_maneuver_78m_uld_59h/
Drakkur,akp32d,wowguilds,1548692983.0,"[NA][H][Mal'Ganis][2-Day] <Backpedal Maneuver> 7/8M (Uld), 5/9H (BoD) LF Quality DPS",1,1,/r/wowguilds/comments/akp32d/nahmalganis2day_backpedal_maneuver_78m_uld_59h/
Orobayy34,1ld5hep,soundproof,1750109766.0,Has anyone tried BOTH soundproofwindows.com and Indow Windows?,5,10,/r/soundproof/comments/1ld5hep/has_anyone_tried_both_soundproofwindowscom_and/
Orobayy34,1gxincq,Bogleheads,1732310304.0,401k -> IRA -> IRA instead of 401k ---> IRA?,1,2,/r/Bogleheads/comments/1gxincq/401k_ira_ira_instead_of_401k_ira/
Orobayy34,zmdmnn,magicthecirclejerking,1671083728.0,"Strongbull, my beloved",5,4,/r/magicthecirclejerking/comments/zmdmnn/strongbull_my_beloved/
Orobayy34,x0z5cc,ModernMagic,1661805384.0,Micromancer,0,10,/r/ModernMagic/comments/x0z5cc/micromancer/
Orobayy34,vsxmpn,DeathAndTaxesMTG,1657134093.0,Magus of the Moon in 60-card D&T?,1,0,/r/DeathAndTaxesMTG/comments/vsxmpn/magus_of_the_moon_in_60card_dt/
Bayesian1701,1mkl8sj,Endo,1754625741.0,Getting Tubes Removed (bisalp) during a Lap,2,1,/r/Endo/comments/1mkl8sj/getting_tubes_removed_bisalp_during_a_lap/
Bayesian1701,1lx9wxv,ExclusivelyPumping,1752247874.0,Slacker Boob Weaned First,1,1,/r/ExclusivelyPumping/comments/1lx9wxv/slacker_boob_weaned_first/
Bayesian1701,1lfk3vq,dogs,1750362290.0,Small Patio Dog Potty Options,2,3,/r/dogs/comments/1lfk3vq/small_patio_dog_potty_options/
Bayesian1701,1lcwfsv,ExclusivelyPumping,1750089117.0,Is it time to drop to 2ppd?,3,2,/r/ExclusivelyPumping/comments/1lcwfsv/is_it_time_to_drop_to_2ppd/
Bayesian1701,1kucqmp,ExclusivelyPumping,1748096435.0,Pumping on a Cruise Tips,2,2,/r/ExclusivelyPumping/comments/1kucqmp/pumping_on_a_cruise_tips/
samushusband,1nbxzs0,datascience,1757361243.0,Analysing Priority zones in my Area with unprecise home adresses,13,8,/r/datascience/comments/1nbxzs0/analysing_priority_zones_in_my_area_with/
samushusband,1mzqr42,PokemonGoFriends,1756129127.0,lvl 80 is coming and i need friends for exp lets go : 5149 7601 0841,1,0,/r/PokemonGoFriends/comments/1mzqr42/lvl_80_is_coming_and_i_need_friends_for_exp_lets/
samushusband,1ml6o6h,PokemonGoFriends,1754686223.0,"514976010841  Turbobacon972 , need friends for xp i send everyday",1,3,/r/PokemonGoFriends/comments/1ml6o6h/514976010841_turbobacon972_need_friends_for_xp_i/
samushusband,1m2abjf,starwarsmemes,1752765530.0,he was kinda hot,455,5,/r/starwarsmemes/comments/1m2abjf/he_was_kinda_hot/
samushusband,1jm4bo4,lotrmemes,1743192514.0,many of thise trees were friends,384,1,/r/lotrmemes/comments/1jm4bo4/many_of_thise_trees_were_friends/
Rockingtits,1na6x3q,datascience,1757183259.0,Help me evaluate a new job offer - Stay or go?,12,32,/r/datascience/comments/1na6x3q/help_me_evaluate_a_new_job_offer_stay_or_go/
Rockingtits,1eydqhu,AthleticoMince,1724313666.0,Got a new name for you Andy..,22,2,/r/AthleticoMince/comments/1eydqhu/got_a_new_name_for_you_andy/
Rockingtits,1esb5rn,WesternAustralia,1723665670.0,Perth to Esperance Itinerary,1,32,/r/WesternAustralia/comments/1esb5rn/perth_to_esperance_itinerary/
Rockingtits,1er7m4j,WesternAustralia,1723554946.0,WA Road Trip: Camp or AirBnb? North or South? ,3,17,/r/WesternAustralia/comments/1er7m4j/wa_road_trip_camp_or_airbnb_north_or_south/
Rockingtits,1eldy0z,datascience,1722938858.0,AWS to Azure conversion resources? ,8,7,/r/datascience/comments/1eldy0z/aws_to_azure_conversion_resources/
pippy64598,1ncbs6l,GoogleEarthFinds,1757400209.0,"Odd looking selection of buildings in Western Sahara (26¬∞50'27.1""N 10¬∞24'52.8""W)",5,2,/r/GoogleEarthFinds/comments/1ncbs6l/odd_looking_selection_of_buildings_in_western/
pippy64598,1nbvoou,datascience,1757356046.0,MS Needed?,1,1,/r/datascience/comments/1nbvoou/ms_needed/
pippy64598,1ly885b,SaltLakeCity,1752346836.0,Solo weekend in SLC?,0,26,/r/SaltLakeCity/comments/1ly885b/solo_weekend_in_slc/
pippy64598,1lkhz88,LAGalaxy,1750886558.0,Article: What Happened to the LA Galaxy?,22,14,/r/LAGalaxy/comments/1lkhz88/article_what_happened_to_the_la_galaxy/
pippy64598,1axbkhc,thebottlemen,1708621512.0,Youtube premiere,7,0,/r/thebottlemen/comments/1axbkhc/youtube_premiere/
agp_praznat,1bgndrc,infinitecraft,1710644246.0,I think it makes sense to think of it like this,11,10,/r/infinitecraft/comments/1bgndrc/i_think_it_makes_sense_to_think_of_it_like_this/
WhatIsMyNamme,1jutti1,testicularcancer,1744161103.0,Trouble urinating after orchiectomy,3,7,/r/testicularcancer/comments/1jutti1/trouble_urinating_after_orchiectomy/
WhatIsMyNamme,1junq8m,testicularcancer,1744144189.0,About to have my orchiectomy,4,8,/r/testicularcancer/comments/1junq8m/about_to_have_my_orchiectomy/
WhatIsMyNamme,1jn4lpn,testicularcancer,1743308344.0,Need to get a biopsy,1,5,/r/testicularcancer/comments/1jn4lpn/need_to_get_a_biopsy/
WhatIsMyNamme,1jef08w,DunderMifflin,1742329673.0,"What you may have missed S2E22: Jan had her overnight bag and was ready to ""sleep"" over!",0,8,/r/DunderMifflin/comments/1jef08w/what_you_may_have_missed_s2e22_jan_had_her/
WhatIsMyNamme,1jeeyw9,SuperMarioGalaxy,1742329584.0,Bros a worse investor than I am,29,1,/r/SuperMarioGalaxy/comments/1jeeyw9/bros_a_worse_investor_than_i_am/
peterxsyd,1ne6a4r,OpenAI,1757590122.0,What‚Äôs the funniest and/or most unexpectedly wise thing ChatGPT has ever said to you?,1,1,/r/OpenAI/comments/1ne6a4r/whats_the_funniest_andor_most_unexpectedly_wise/
peterxsyd,1nd83pb,OpenAI,1757490857.0,What‚Äôs the funniest or most unexpectedly wise thing ChatGPT has ever said to you?,1,0,/r/OpenAI/comments/1nd83pb/whats_the_funniest_or_most_unexpectedly_wise/
peterxsyd,1nb50hi,OpenAI,1757279542.0,What‚Äôs the funniest / most unexpectedly wise thing ChatGPT has ever said to you?,1,0,/r/OpenAI/comments/1nb50hi/whats_the_funniest_most_unexpectedly_wise_thing/
peterxsyd,1nadpir,dataengineering,1757200346.0,"Introducing Minarrow ‚Äî Apache Arrow implementation for HPC, Native Streaming, and Embedded Systems",13,7,/r/dataengineering/comments/1nadpir/introducing_minarrow_apache_arrow_implementation/
peterxsyd,1nad0us,rust,1757198495.0,"Introducing Minarrow ‚Äî Apache Arrow implementation for HPC, Native Streaming, and Embedded Systems",12,12,/r/rust/comments/1nad0us/introducing_minarrow_apache_arrow_implementation/
bingbong_sempai,1nc93qq,datascience,1757390645.0,I built a card recommender for EDH decks,19,14,/r/datascience/comments/1nc93qq/i_built_a_card_recommender_for_edh_decks/
bingbong_sempai,1n215uk,EDH,1756350069.0,Better Deck Specific EDH Recommendations,127,80,/r/EDH/comments/1n215uk/better_deck_specific_edh_recommendations/
bingbong_sempai,1l4w5fc,EDH,1749225812.0,How are you guys building Alisaie / Alphinaud Leveilleur?,15,4,/r/EDH/comments/1l4w5fc/how_are_you_guys_building_alisaie_alphinaud/
bingbong_sempai,1kt937x,EDH,1747968618.0,Is Commander draft with FIN possible?,1,5,/r/EDH/comments/1kt937x/is_commander_draft_with_fin_possible/
bingbong_sempai,1is5mq3,mtgfinance,1739857453.0,What are your specs for final fantasy with the commander reveal?,21,60,/r/mtgfinance/comments/1is5mq3/what_are_your_specs_for_final_fantasy_with_the/
ThomasAger,1n5h8vq,ChatGPTPromptGenius,1756707855.0,My wife wanted me to be happier while I worked - so I write all my prompts in (: Smile,2,11,/r/ChatGPTPromptGenius/comments/1n5h8vq/my_wife_wanted_me_to_be_happier_while_i_worked_so/
ThomasAger,1ndxrss,ChatGPT,1757559209.0,If you use this URL to go to ChatGPT as a plus user it takes you straight to 4o,2,1,/r/ChatGPT/comments/1ndxrss/if_you_use_this_url_to_go_to_chatgpt_as_a_plus/
ThomasAger,1nd94cy,datascience,1757494955.0,(: Smile! It‚Äôs my first open source project,0,0,/r/datascience/comments/1nd94cy/smile_its_my_first_open_source_project/
ThomasAger,1nd946a,opensource,1757494935.0,(: Smile! It‚Äôs my first open source project,0,16,/r/opensource/comments/1nd946a/smile_its_my_first_open_source_project/
ThomasAger,1n6hs8g,LocalLLaMA,1756815132.0,I created an open source prompt engineering language - (: Smile! Works for both open source & foundation models at all parameter sizes.,0,32,/r/LocalLLaMA/comments/1n6hs8g/i_created_an_open_source_prompt_engineering/
iwannabeunknown3,1nc9wi2,FinalFantasyTCG,1757393275.0,What are good crystal payoffs?,6,5,/r/FinalFantasyTCG/comments/1nc9wi2/what_are_good_crystal_payoffs/
iwannabeunknown3,1mkeprg,BoardGameExchange,1754607216.0,"[FS][TN - 38119] [H] Too Many Bones, Adventure Tactics, Spirit Island, Food Chain Magnate, The Great Zimbabwe, more [W} Paypal",3,19,/r/BoardGameExchange/comments/1mkeprg/fstn_38119_h_too_many_bones_adventure_tactics/
iwannabeunknown3,1mkdtpy,FinalFantasyTCG,1754604966.0,Help Improve Braska (16-133S) Storm Deck,3,3,/r/FinalFantasyTCG/comments/1mkdtpy/help_improve_braska_16133s_storm_deck/
iwannabeunknown3,1kayvx4,datascience,1745960564.0,Putting Forecast model into Production help,11,15,/r/datascience/comments/1kayvx4/putting_forecast_model_into_production_help/
iwannabeunknown3,1kaiodv,FinalFantasyTCG,1745913911.0,Do any content creators do deck upgrade videos?,4,1,/r/FinalFantasyTCG/comments/1kaiodv/do_any_content_creators_do_deck_upgrade_videos/
mutlu_simsek,1naptuq,datascience,1757241077.0,üöÄ Perpetual ML Suite: Now Live on the Snowflake Marketplace!,1,2,/r/datascience/comments/1naptuq/perpetual_ml_suite_now_live_on_the_snowflake/
mutlu_simsek,1napsim,TurkDev,1757240946.0,üöÄ Perpetual ML Suite: Now Live on the Snowflake Marketplace!,1,0,/r/TurkDev/comments/1napsim/perpetual_ml_suite_now_live_on_the_snowflake/
mutlu_simsek,1n84pfn,snowflake,1756975138.0,üöÄ Perpetual ML Suite: Now Live on the Snowflake Marketplace!,2,3,/r/snowflake/comments/1n84pfn/perpetual_ml_suite_now_live_on_the_snowflake/
mutlu_simsek,1ldw598,filoloji,1750187831.0,Bilmiyorum.,0,12,/r/filoloji/comments/1ldw598/bilmiyorum/
mutlu_simsek,1j1qjxk,swift,1740921185.0,Contributors wanted for PerpetualBooster,3,3,/r/swift/comments/1j1qjxk/contributors_wanted_for_perpetualbooster/
metalvendetta,1nac35j,datascience,1757196044.0,How to evaluate data transformations?,1,12,/r/datascience/comments/1nac35j/how_to_evaluate_data_transformations/
metalvendetta,1na7gqv,MachineLearning,1757184558.0,Why per row context understanding is important for data transformations and here's how you can use LLMs to do so,1,1,/r/MachineLearning/comments/1na7gqv/why_per_row_context_understanding_is_important/
metalvendetta,1n7zgzy,datascience,1756956245.0,"Per row context understanding is hard for SQL and RAG databases, here's how we solved it with LLMs",0,3,/r/datascience/comments/1n7zgzy/per_row_context_understanding_is_hard_for_sql_and/
metalvendetta,1n7ngqr,dataengineering,1756925582.0,"Per row context understanding is hard for SQL and RAG, here's how we solved it with LLMs",1,0,/r/dataengineering/comments/1n7ngqr/per_row_context_understanding_is_hard_for_sql_and/
metalvendetta,1n5obbq,dataengineering,1756732290.0,Is MindsDB good for performing data transformations using AI Agents?,1,0,/r/dataengineering/comments/1n5obbq/is_mindsdb_good_for_performing_data/
Nunuvin,1n2zjtj,techsupport,1756447398.0,English UK and US/Canada keeps reappearing leading to 3 separate english choices.,1,1,/r/techsupport/comments/1n2zjtj/english_uk_and_uscanada_keeps_reappearing_leading/
Nunuvin,1mxvmxx,GeminiAI,1755936438.0,Weird things Gemini PRO did... is it just me?,4,3,/r/GeminiAI/comments/1mxvmxx/weird_things_gemini_pro_did_is_it_just_me/
Nunuvin,1m4hc3u,node,1752990577.0,How to scale websockets to 1000s of users?,26,24,/r/node/comments/1m4hc3u/how_to_scale_websockets_to_1000s_of_users/
Nunuvin,1lwyb53,AskProgramming,1752210119.0,What are some fair & good technical questions for junior/senior roles?,1,3,/r/AskProgramming/comments/1lwyb53/what_are_some_fair_good_technical_questions_for/
Nunuvin,1lwy8y2,AskProgramming,1752209925.0,What are some fair & good technical questions for junior/senior roles?,1,0,/r/AskProgramming/comments/1lwy8y2/what_are_some_fair_good_technical_questions_for/
AutoModerator,1ne7j5z,dancingwiththestars,1757593833.0,"Daily Discussion Thread - Thursday, September 11th",1,0,/r/dancingwiththestars/comments/1ne7j5z/daily_discussion_thread_thursday_september_11th/
AutoModerator,1ne7j29,CapeCodVisitors,1757593826.0,Weekly Cape Cod Visitors Chat,1,0,/r/CapeCodVisitors/comments/1ne7j29/weekly_cape_cod_visitors_chat/
AutoModerator,1ne7j1b,Monopoly_GO,1757593824.0,‚ú® MODMAIL ‚ú®,1,0,/r/Monopoly_GO/comments/1ne7j1b/modmail/
AutoModerator,1ne7j0r,SugarBABYonlyforum,1757593823.0,Talk Your Mess Thursday - Meme Time!,1,0,/r/SugarBABYonlyforum/comments/1ne7j0r/talk_your_mess_thursday_meme_time/
AutoModerator,1ne7bjg,Hotwheelsindia,1757593233.0,üõçÔ∏èDaily Sales Hour about to begin üïï Read our rules if you are new here üëáüèº,2,0,/r/Hotwheelsindia/comments/1ne7bjg/daily_sales_hour_about_to_begin_read_our_rules_if/
venustrapsflies,1e31xmk,Sekiro,1720962629.0,"Having completed the requirements for both, should I do Purification or Return for my first ending?",1,7,/r/Sekiro/comments/1e31xmk/having_completed_the_requirements_for_both_should/
venustrapsflies,1buiory,NLBest,1712115233.0,The Mookening is starting to get noticed,132,28,/r/NLBest/comments/1buiory/the_mookening_is_starting_to_get_noticed/
venustrapsflies,1688d8s,RunNYC,1693675674.0,PSA: Riverbank track is now open,24,13,/r/RunNYC/comments/1688d8s/psa_riverbank_track_is_now_open/
venustrapsflies,11g5d7e,RunNYC,1677770562.0,How many people did not even get a rejection email for the marathon lottery?,3,14,/r/RunNYC/comments/11g5d7e/how_many_people_did_not_even_get_a_rejection/
venustrapsflies,11bsz6m,running,1677352338.0,Are Ultimate Direction bottles just universally leaky garbage?,2,12,/r/running/comments/11bsz6m/are_ultimate_direction_bottles_just_universally/
Helpful_ruben,1ndw2a4,u_Helpful_ruben,1757554047.0,"Jaguar Mining Inc. Strengthens Senior Leadership Team, Enhancing Focus on Governance and Sustainability",1,0,/r/u_Helpful_ruben/comments/1ndw2a4/jaguar_mining_inc_strengthens_senior_leadership/
Helpful_ruben,1nd15wl,u_Helpful_ruben,1757467645.0,"SigFig Becomes Tandems, Launches AI-Native Wealth Operating System for Financial Institutions",1,0,/r/u_Helpful_ruben/comments/1nd15wl/sigfig_becomes_tandems_launches_ainative_wealth/
Helpful_ruben,1nbaqiv,u_Helpful_ruben,1757294848.0,Obsidian Personal Planning Solutions LLC Trims Holdings in SPDR Portfolio Emerging Markets ETF $SPEM,1,0,/r/u_Helpful_ruben/comments/1nbaqiv/obsidian_personal_planning_solutions_llc_trims/
Helpful_ruben,1nagj8l,u_Helpful_ruben,1757208446.0,Hexcel (NYSE:HXL) Upgraded by Zacks Research to ‚ÄúHold‚Äù Rating,1,0,/r/u_Helpful_ruben/comments/1nagj8l/hexcel_nysehxl_upgraded_by_zacks_research_to_hold/
Helpful_ruben,1n9mvqa,u_Helpful_ruben,1757122048.0,The Future of Clean Tech: Innovations Driving a Sustainable Tomorrow,1,0,/r/u_Helpful_ruben/comments/1n9mvqa/the_future_of_clean_tech_innovations_driving_a/
WingedTorch,1l2zlil,AntifascistsofReddit,1749022740.0,Teen Arrested by ICE Sparks Student Walkout,63,2,/r/AntifascistsofReddit/comments/1l2zlil/teen_arrested_by_ice_sparks_student_walkout/
WingedTorch,1kkp5qp,Kommunismus,1747045822.0,‚ÄúDie USA ist eine komplett desolidarisierte Gesellschaft‚Äù,33,3,/r/Kommunismus/comments/1kkp5qp/die_usa_ist_eine_komplett_desolidarisierte/
WingedTorch,1i496g0,Thailand,1737212026.0,Leave Thailand with child without fathers travel consent,0,29,/r/Thailand/comments/1i496g0/leave_thailand_with_child_without_fathers_travel/
WingedTorch,1hmn797,de,1735215360.0,Klima: Der Stand der Dinge (Prof. Harald Lesch),38,14,/r/de/comments/1hmn797/klima_der_stand_der_dinge_prof_harald_lesch/
WingedTorch,1hm1o6y,DieGruenen,1735136927.0,Wie sieht Gr√ºne Politik aus die es schafft auf humane Weise die Kriminalstatistik von Ausl√§ndern zu senken? ,14,51,/r/DieGruenen/comments/1hm1o6y/wie_sieht_gr√ºne_politik_aus_die_es_schafft_auf/
ghostofkilgore,y3vjik,HistoryMemes,1665757903.0,"Contestants in the Revolutionary war, draw your German Ally cards",42,5,/r/HistoryMemes/comments/y3vjik/contestants_in_the_revolutionary_war_draw_your/
ghostofkilgore,xrxhe9,HistoryMemes,1664532550.0,Every single European capital city,693,17,/r/HistoryMemes/comments/xrxhe9/every_single_european_capital_city/
ghostofkilgore,x88cov,PrequelMemes,1662565209.0,Anakin doesn't like the Geneva Convention,61,5,/r/PrequelMemes/comments/x88cov/anakin_doesnt_like_the_geneva_convention/
ghostofkilgore,ws077f,PrequelMemes,1660870881.0,An elegant weapon for a more civilised age,171,3,/r/PrequelMemes/comments/ws077f/an_elegant_weapon_for_a_more_civilised_age/
ghostofkilgore,wrx616,PrequelMemes,1660862519.0,With thunderous applause,109,31,/r/PrequelMemes/comments/wrx616/with_thunderous_applause/
Jorrissss,1mchxvm,superman,1753810532.0,What's your recommend Superman starter series?,6,23,/r/superman/comments/1mchxvm/whats_your_recommend_superman_starter_series/
Jorrissss,1lmg20f,tressless,1751092260.0,A couple uncertainities about microneedling,4,2,/r/tressless/comments/1lmg20f/a_couple_uncertainities_about_microneedling/
Jorrissss,1kq4t70,buildmeapc,1747635773.0,Gaming PC build critique,2,2,/r/buildmeapc/comments/1kq4t70/gaming_pc_build_critique/
Jorrissss,1h923ku,Kaylemains,1733605125.0,People always blame the Kayle,16,6,/r/Kaylemains/comments/1h923ku/people_always_blame_the_kayle/
Jorrissss,1c50u1l,Kaylemains,1713223188.0,How often do you R other players?,6,9,/r/Kaylemains/comments/1c50u1l/how_often_do_you_r_other_players/
lakeland_nz,1lh66lw,SpeedianceCommunity,1750538158.0,USB Foot Pedal no longer working,1,3,/r/SpeedianceCommunity/comments/1lh66lw/usb_foot_pedal_no_longer_working/
lakeland_nz,1gprrfo,Stormlight_Archive,1731436396.0,WaT print size?,1,0,/r/Stormlight_Archive/comments/1gprrfo/wat_print_size/
lakeland_nz,1fbmko9,homeassistant,1725759130.0,Export Broadlink RM4 for HA,3,3,/r/homeassistant/comments/1fbmko9/export_broadlink_rm4_for_ha/
lakeland_nz,1f3s92f,hidock,1724900443.0,Improved UI,3,1,/r/hidock/comments/1f3s92f/improved_ui/
lakeland_nz,1eucngh,TwoXChromosomes,1723882251.0,Books for a 13yo,1,9,/r/TwoXChromosomes/comments/1eucngh/books_for_a_13yo/
dirtydan1114,1m08orf,FordMaverickTruck,1752554673.0,Just got it home today!,86,8,/r/FordMaverickTruck/comments/1m08orf/just_got_it_home_today/
dirtydan1114,1l0qiw4,pacers,1748788764.0,"""Foul on Steven Adams""",262,10,/r/pacers/comments/1l0qiw4/foul_on_steven_adams/
dirtydan1114,1l0qi0f,NBAEastMemeWar,1748788704.0,The Knicks trying to win an elimination game:,115,17,/r/NBAEastMemeWar/comments/1l0qi0f/the_knicks_trying_to_win_an_elimination_game/
dirtydan1114,1l0qe32,NBAEastMemeWar,1748788426.0,Adam Silver RN,56,2,/r/NBAEastMemeWar/comments/1l0qe32/adam_silver_rn/
dirtydan1114,1l0qdhs,pacers,1748788380.0,Adam Silver RN,166,10,/r/pacers/comments/1l0qdhs/adam_silver_rn/
DJ_Laaal,1n8ntcy,recruitinghell,1757023862.0,Have you tried ‚Äúrising above‚Äù yet?,18,13,/r/recruitinghell/comments/1n8ntcy/have_you_tried_rising_above_yet/
DJ_Laaal,1k88con,ycombinator,1745656713.0,"Early stage founders, what tool do you use to create UI wireframes and UX design before writing code?",42,44,/r/ycombinator/comments/1k88con/early_stage_founders_what_tool_do_you_use_to/
DJ_Laaal,1jpkozl,medicine,1743587084.0,https://www.statnews.com/2025/04/02/ambient-scribes-ai-medicine-doctor-note-taking,53,33,/r/medicine/comments/1jpkozl/httpswwwstatnewscom20250402ambientscribesaimedicin/
DJ_Laaal,1jpkmxl,medicine,1743586815.0,https://www.statnews.com/2025/04/02/ambient-scribes-ai-medicine-doctor-note-taking/,1,1,/r/medicine/comments/1jpkmxl/httpswwwstatnewscom20250402ambientscribesaimedicin/
DJ_Laaal,1gvbpky,MicrosoftFlightSim,1732060050.0,We got rocks in the game now!,15,7,/r/MicrosoftFlightSim/comments/1gvbpky/we_got_rocks_in_the_game_now/
According_Meal_387,1nbadzh,SurveyExchange,1757293803.0,Data Collecting,1,3,/r/SurveyExchange/comments/1nbadzh/data_collecting/
According_Meal_387,1nbadhw,takemysurvey,1757293764.0,Data Collecting,2,1,/r/takemysurvey/comments/1nbadhw/data_collecting/
According_Meal_387,1nbacua,SampleSize,1757293710.0,"Data Collecting (gender, seasons)",3,2,/r/SampleSize/comments/1nbacua/data_collecting_gender_seasons/
According_Meal_387,1nbaavm,data,1757293554.0,Data Collecting,1,0,/r/data/comments/1nbaavm/data_collecting/
According_Meal_387,1nbaaey,dataengineering,1757293514.0,Data Collecting,2,0,/r/dataengineering/comments/1nbaaey/data_collecting/
DubGrips,1n45gsj,F1Discussions,1756570167.0,Is Lance Stroll the worst driver with longest tenure being the worst?,109,108,/r/F1Discussions/comments/1n45gsj/is_lance_stroll_the_worst_driver_with_longest/
DubGrips,1i9sqf6,formula1,1737827878.0,F1 or Indy,1,1,/r/formula1/comments/1i9sqf6/f1_or_indy/
DubGrips,1i96cxf,climbingshoes,1737753700.0,Mad Rock D2.One Initial Review,2,19,/r/climbingshoes/comments/1i96cxf/mad_rock_d2one_initial_review/
DubGrips,1hwt7u4,CarAV,1736366050.0,Help adjusting gain w/ multimeter,2,4,/r/CarAV/comments/1hwt7u4/help_adjusting_gain_w_multimeter/
DubGrips,1hi6yeh,climbingshoes,1734653058.0,Scarpa Instinct VSR-LV first impressions,31,64,/r/climbingshoes/comments/1hi6yeh/scarpa_instinct_vsrlv_first_impressions/
musicalfantasies69,1ncceyk,Lahore,1757402649.0,Lake City House on Installment - Worth it?,13,24,/r/Lahore/comments/1ncceyk/lake_city_house_on_installment_worth_it/
musicalfantasies69,1nat7ik,SchengenVisa,1757251749.0,"Can I enter via Girona, Spain using a Swedish Business Visa?",3,2,/r/SchengenVisa/comments/1nat7ik/can_i_enter_via_girona_spain_using_a_swedish/
musicalfantasies69,1mtauvd,vegas,1755486973.0,What to do on Sunday night and Monday? First time in Vegas!,0,13,/r/vegas/comments/1mtauvd/what_to_do_on_sunday_night_and_monday_first_time/
musicalfantasies69,1m252kj,electronicmusic,1752751767.0,"David August at The Shard (Fabric, London)",4,6,/r/electronicmusic/comments/1m252kj/david_august_at_the_shard_fabric_london/
musicalfantasies69,1m0gdez,dubai,1752582221.0,Anyone Used ‚ÄúKeep My Passport‚Äù for UK Visa in Dubai? How Long for Stamping?,1,6,/r/dubai/comments/1m0gdez/anyone_used_keep_my_passport_for_uk_visa_in_dubai/
