,comment_karma,created_utc,has_verified_email,icon_img,id,is_employee,is_friend,is_mod,is_gold,link_karma,name,subreddit_banner_img,subreddit_name,subreddit_over_18,subreddit_public_description,subreddit_subscribers,subreddit_title
0,0,1637773575.0,True,https://www.redditstatic.com/avatars/defaults/v2/avatar_default_5.png,gvrfsjhp,False,False,False,False,10,thisisme2588,,t5_5dvxmk,False,,0,
1,0,1652648392.0,True,https://www.redditstatic.com/avatars/defaults/v2/avatar_default_4.png,fest6zo4,False,False,False,False,1,DirectionOther224,,t5_6dist1,False,,0,
2,15813,1579282646.0,True,"https://styles.redditmedia.com/t5_2d3bq6/styles/profileIcon_snoo2e739b70-6c1e-49c5-9778-7d315c70253f-headshot.png?width=256&height=256&crop=256:256,smart&s=f07d5a110fbb8f3396d1c60e73787f20fbca9b54",3xa9516c,False,False,False,False,335,Travolta1984,,t5_2d3bq6,False,,0,
3,309,1597818886.0,True,"https://styles.redditmedia.com/t5_30c4h4/styles/profileIcon_snoodda7f047-e2c6-4ac5-9714-48244f26a120-headshot.png?width=256&height=256&crop=256:256,smart&s=267785109eb2e55f782041de3f92ffa793b91f2e",7rmjl08r,False,False,False,False,165,Adorable_Compote4418,,t5_30c4h4,False,,0,
4,0,1686542932.0,True,"https://styles.redditmedia.com/t5_8kz7co/styles/profileIcon_snoofe2c97cf-2016-4b96-87be-b7b1fce17e95-headshot.png?width=256&height=256&crop=256:256,smart&s=2cc55c887f8834d0941106d5b0dedc5470e17a35",d8fic4zds,False,False,False,False,3,manda1195,,t5_8kz7co,False,,0,
5,7,1557152038.0,True,"https://styles.redditmedia.com/t5_10yv0p/styles/profileIcon_snoof5d84d37-0847-4fd7-8a4d-7146bbd3f218-headshot.png?width=256&height=256&crop=256:256,smart&s=7e606ffc976a8e2e0c85287ed474af3347f56814",3jeruvyp,False,False,False,False,135,Pataouga,,t5_10yv0p,False,,0,
6,24,1690572533.0,True,https://www.redditstatic.com/avatars/defaults/v2/avatar_default_3.png,eh40i5mp7,False,False,False,False,143,BigIntroduction4586,,t5_8zfq5d,False,,0,
7,5995,1469018437.0,True,"https://styles.redditmedia.com/t5_epw8t/styles/profileIcon_snoo-nftv2_bmZ0X2VpcDE1NToxMzdfNDY2YTMzMDg4N2JkZjYyZDUzZjk2OGVhODI0NzkzMTUwZjA3NzYyZV82MzMzOTI_rare_de2714b1-1597-4dda-840d-37878b32c774-headshot.png?width=256&height=256&crop=256:256,smart&s=8d7d710a9b1b8b9d8379971c0d50df772cf43885",zo42t,False,False,False,False,10413,Silicon-Based,,t5_epw8t,False,,0,
8,19,1641717651.0,True,https://www.redditstatic.com/avatars/defaults/v2/avatar_default_0.png,iefbz8e0,False,False,False,False,25,Efficient-Ad9856,,t5_5n6awj,False,,0,
9,188,1642256491.0,True,"https://styles.redditmedia.com/t5_5ogp1z/styles/profileIcon_snoo0addf642-c380-41dc-b6e6-711f590e6177-headshot.png?width=256&height=256&crop=256:256,smart&s=d0e482fa4f90bd5b3406643f3a9399bea5760c59",ilzw674k,False,False,False,False,553,metal_tangerine,,t5_5ogp1z,False,,0,Luka
10,124,1624003324.0,True,https://www.redditstatic.com/avatars/defaults/v2/avatar_default_6.png,csk6gf7q,False,False,False,False,235,Old-Astronomer-471,,t5_4mi3qz,False,,0,
11,9,1593690252.0,True,https://www.redditstatic.com/avatars/defaults/v2/avatar_default_2.png,3uv4el0i,False,False,False,False,2,Particular_Prior8376,,t5_2tihc4,False,,0,Indranil
12,72,1589616691.0,False,https://www.redditstatic.com/avatars/defaults/v2/avatar_default_6.png,6hp7blum,False,False,False,False,50,tripppponic,,t5_2o1ha8,True,,0,
13,-2,1615916286.0,True,"https://styles.redditmedia.com/t5_444jv9/styles/profileIcon_snoo04ef5db2-aea0-4b59-afd4-43314f5f7cf2-headshot.png?width=256&height=256&crop=256:256,smart&s=c0aceda7e640a3bb05eda836e825b36160270195",ay71m2yo,False,False,True,False,1,expert_tutors,,t5_444jv9,True,,0,
14,-6,1689154777.0,True,"https://styles.redditmedia.com/t5_8tngww/styles/profileIcon_snoo83f8d1fd-e4a4-4d89-be32-eeab27d66c57-headshot.png?width=256&height=256&crop=256:256,smart&s=3e090f92e906e9302a0a30edfbcda4d9b2e5bf7a",fazibs7jh,False,False,False,False,15,cedar_mountain_sea28,,t5_8tngww,False,,0,
15,37,1590079657.0,True,https://www.redditstatic.com/avatars/defaults/v2/avatar_default_4.png,6jhdopac,False,False,False,False,16,axescot,,t5_2okumg,False,,0,
16,80,1690545195.0,True,https://www.redditstatic.com/avatars/defaults/v2/avatar_default_3.png,geogcmqmj,False,False,False,False,195,Former-Locksmith5411,,t5_8zcywu,False,,0,
17,1,1610846631.0,True,https://www.redditstatic.com/avatars/defaults/v2/avatar_default_1.png,49diwkvt,False,False,False,False,5,Fresh_Information_87,,t5_3qjf40,False,,0,
18,1,1663680780.0,False,https://www.redditstatic.com/avatars/defaults/v2/avatar_default_3.png,snsokpyj,False,False,False,False,6,Mammoth-Radish-4048,,t5_72i0jx,False,,0,
19,332,1616167392.0,True,"https://styles.redditmedia.com/t5_44n3wx/styles/profileIcon_snooe8af3d5d-913d-42e6-9e19-774a57a3c636-headshot.png?width=256&height=256&crop=256:256,smart&s=83ab4f797f2407b2f9d60e042c4435109f3bb589",b0epdsab,False,False,False,False,975,oceansandsky100,,t5_44n3wx,False,,0,
20,1,1613550434.0,True,"https://styles.redditmedia.com/t5_3z4r67/styles/profileIcon_q4ex1snyuljb1.png?width=256&height=256&crop=256:256,smart&s=141b42083f4258e71544ed22a4d0992e35babbba",aesv5hzu,False,False,False,False,1,Queasy_Commission316,"https://styles.redditmedia.com/t5_3z4r67/styles/profileBanner_e4k80pezuljb1.png?width=1280&height=384&crop=1280:384,smart&s=fb386c266a342eb8be821bd83dad28bc52424db3",t5_3z4r67,True,,0,NoobGPT
21,3,1655199801.0,True,"https://styles.redditmedia.com/t5_6j2c32/styles/profileIcon_snood3df656e-99cd-4c6f-800c-62d66df66cbd-headshot.png?width=256&height=256&crop=256:256,smart&s=0dee5649bcb2fa03c70146659e882e44d933f061",jl102v3o,False,False,False,False,50,Fluid-Improvement-84,,t5_6j2c32,False,,0,
22,1689,1409052390.0,True,"https://styles.redditmedia.com/t5_biuyx/styles/profileIcon_qcny6qh872hb1.png?width=256&height=256&crop=256:256,smart&s=0bcf128cb1e6fbd458973dccc686cfd5419ce2b1",i2242,False,False,False,False,7085,ForTheWin72,,t5_biuyx,False,,0,
23,45,1662955454.0,True,https://www.redditstatic.com/avatars/defaults/v2/avatar_default_4.png,sez4cd3o,False,False,False,False,284,Available-Sea2035,,t5_70xv3y,False,,0,
24,1,1610066542.0,True,https://www.redditstatic.com/avatars/defaults/v2/avatar_default_7.png,90dczk7b,False,False,False,False,5,ChapterOk9010,,t5_3ou0wu,False,,0,
25,2,1659995831.0,True,"https://styles.redditmedia.com/t5_6u9d9v/styles/profileIcon_snoo-nftv2_bmZ0X2VpcDE1NToxMzdfZjNmMTc5OGVlNGQ0MGI3OGQzMmEyZmUzMjFkMDQ1YTU5MWU3MTAzYV8yNjE2_rare_d2b28d68-44a2-4794-ac0c-f64bf102cc70-headshot.png?width=256&height=256&crop=256:256,smart&s=0b087ffb2084b53e992b91a62e81d9aeb308af52",r5byzz1u,False,False,False,False,4,OpenShape5402,,t5_6u9d9v,False,**Failing miserably with Rust**,0,
26,183,1600367188.0,True,"https://styles.redditmedia.com/t5_34w93j/styles/profileIcon_snood6d46dc6-b4bd-490d-a131-01ad0435c377-headshot.png?width=256&height=256&crop=256:256,smart&s=65fab9ca89b872fae4be57c57bc8aaf6b70d0a08",84o5gy9m,False,False,False,False,13,Real-Capital-3801,,t5_34w93j,False,,0,Sri
27,48,1639351766.0,True,"https://styles.redditmedia.com/t5_5hb7vm/styles/profileIcon_snoofdd30274-f736-413b-8533-30bd20adc14e-headshot.png?width=256&height=256&crop=256:256,smart&s=a722d09c10dbcbb63b44a307b394c6b67033d6e6",9yxdbcdl,False,False,False,False,49,morepow,,t5_5hb7vm,False,,0,
28,4,1689086408.0,True,"https://styles.redditmedia.com/t5_8teix0/styles/profileIcon_snoo160f61b4-eb26-477d-a708-f9d6c7de5e77-headshot.png?width=256&height=256&crop=256:256,smart&s=763b1454cdd33f9dc00958d39613da7c0c71adce",aw1ranygx,False,False,False,False,4,hamza3050,,t5_8teix0,False,,0,
29,306,1691483970.0,True,"https://styles.redditmedia.com/t5_920vc9/styles/profileIcon_fmtcztjz8tgb1.png?width=256&height=256&crop=256:256,smart&s=4a03eb323c248ed374db64bc81422f1569fe297e",h5h5v9ah7,False,False,False,False,117,CuriousTasos,,t5_920vc9,False,,0,
30,15844,1532889546.0,False,"https://styles.redditmedia.com/t5_mhu79/styles/profileIcon_snood6c939c5-3c41-4b7a-a792-7667db872da0-headshot.png?width=256&height=256&crop=256:256,smart&s=22545d35a97203758a94311c4ffa6a89b290056a",1vnymz5j,False,False,False,True,1380,save_the_panda_bears,,t5_mhu79,False,,0,
31,10,1679312947.0,True,https://www.redditstatic.com/avatars/defaults/v2/avatar_default_5.png,cffi3xp9,False,False,False,False,2,Agreeable-Race8818,,t5_834zuo,False,,0,
32,6,1692497999.0,True,"https://styles.redditmedia.com/t5_953492/styles/profileIcon_snoo-nftv2_bmZ0X2VpcDE1NToxMzdfZWI5NTlhNzE1ZGZmZmU2ZjgyZjQ2MDU1MzM5ODJjNDg1OWNiMTRmZV8xMzkzMTkzMA_rare_86c9ec4a-4873-46b0-a840-b7ff9025d7c6-headshot.png?width=256&height=256&crop=256:256,smart&s=35000704dfcec212960a921058bdd5aef8c3c30a",hyf7gewjv,False,False,False,False,1,Dependent-Project-40,,t5_953492,False,,0,
33,5,1527609307.0,True,https://www.redditstatic.com/avatars/defaults/v2/avatar_default_1.png,1gw7xlwx,False,False,False,False,6,bfadh,,t5_jrqhh,False,,0,
34,25736,1324953962.0,True,"https://styles.redditmedia.com/t5_eigq6/styles/profileIcon_snoo-nftv2_bmZ0X2VpcDE1NToxMzdfNDY2YTMzMDg4N2JkZjYyZDUzZjk2OGVhODI0NzkzMTUwZjA3NzYyZV8xNTE0NDg_rare_511e8c7d-a064-425f-bc86-bed57bd67ed2-headshot.png?width=256&height=256&crop=256:256,smart&s=ad364c3d941e3de62bcc10c84d03c94f96e05afa",6iptp,False,False,False,False,40623,tits_mcgee_92,,t5_eigq6,False,,0,
35,10624,1626662373.0,True,"https://styles.redditmedia.com/t5_4rzlbv/styles/profileIcon_snooa97b0f5b-d58e-4e5d-b46f-94f7c8787abd-headshot-f.png?width=256&height=256&crop=256:256,smart&s=19e2f1b8a1b3764b43cebbd7bea67b9a2863ccef",dbbe0yy9,False,False,False,False,1053,TacoMisadventures,,t5_4rzlbv,False,,0,
36,7676,1579625290.0,True,"https://styles.redditmedia.com/t5_2dfncf/styles/profileIcon_eb6t567recl71.png?width=256&height=256&crop=256:256,smart&s=8d66bae5091e95cfcc15eae6ad9f4e7fbc0ad6c4",5326h7u2,False,False,False,False,33310,alliwantforxmasisyou,"https://styles.redditmedia.com/t5_2dfncf/styles/profileBanner_znr5pxhmecl71.jpg?width=1280&height=384&crop=1280:384,smart&s=dcf20a1e30ee70ec1484e8c592e4c40690902f86",t5_2dfncf,False,,0,
37,0,1690364640.0,True,"https://styles.redditmedia.com/t5_8ysalm/styles/profileIcon_snoo-nftv2_bmZ0X2VpcDE1NToxMzdfZWI5NTlhNzE1ZGZmZmU2ZjgyZjQ2MDU1MzM5ODJjNDg1OWNiMTRmZV83MzQwMTUz_rare_53b4bb81-f6fe-4cd4-8a40-c04508cdbced-headshot.png?width=256&height=256&crop=256:256,smart&s=4d18307aa14ef113d6764b30539a0ebfe5f62eb8",g9iv8nwi2,False,False,False,False,1,N-mecy890413br0-6191,,t5_8ysalm,False,,0,
38,0,1686335427.0,True,https://www.redditstatic.com/avatars/defaults/v2/avatar_default_2.png,d2iabqre2,False,False,False,False,1,Over-Nobody-2421,,t5_8k920k,False,,0,
39,223,1597486914.0,True,"https://styles.redditmedia.com/t5_2zrot6/styles/profileIcon_snoo2ef5095d-e9da-4fb9-829b-48ac6a4866c6-headshot.png?width=256&height=256&crop=256:256,smart&s=c92ebfd7369caef507867e527ba8a320b0e6629c",6y1og8oq,False,False,False,False,130,Professional-Ninja70,,t5_2zrot6,False,,0,The19thPirate
40,3580,1394173745.0,True,https://www.redditstatic.com/avatars/defaults/v2/avatar_default_1.png,flda9,False,False,False,False,2073,bingbong_sempai,,t5_cxqs7,False,,0,
41,0,1594608403.0,True,https://www.redditstatic.com/avatars/defaults/v2/avatar_default_4.png,6gt1ha2c,False,False,False,False,30,Illustrious-Sand-832,,t5_2uxuxg,False,,0,Xadua
42,324,1548724008.0,True,https://www.redditstatic.com/avatars/defaults/v2/avatar_default_3.png,33rogmrn,False,False,False,False,137,FewStruggle,,t5_vk994,False,,0,
43,11867,1262349876.0,True,"https://styles.redditmedia.com/t5_ehco8/styles/profileIcon_jnw3vljo26k91.png?width=256&height=256&crop=256:256,smart&s=cc7a90d6978acbc7a5a703a89bcab998a4786792",3svgc,False,False,False,False,8285,WarbossPepe,"https://styles.redditmedia.com/t5_ehco8/styles/profileBanner_km332iew26k91.jpeg?width=1280&height=384&crop=1280:384,smart&s=91097a030166c22d207332868bace82f00785d9e",t5_ehco8,False,,0,
44,1690,1433951861.0,True,https://www.redditstatic.com/avatars/defaults/v2/avatar_default_6.png,o0ro6,False,False,False,False,169,niujin,,t5_c8zet,False,,0,
45,0,1692557866.0,True,"https://styles.redditmedia.com/t5_959att/styles/profileIcon_snoo-nftv2_bmZ0X2VpcDE1NToxMzdfZWI5NTlhNzE1ZGZmZmU2ZjgyZjQ2MDU1MzM5ODJjNDg1OWNiMTRmZV83NjcxMzc4_rare_e04e65aa-3ce2-4bbd-9d33-fc17c386b5c2-headshot.png?width=256&height=256&crop=256:256,smart&s=8b0ad6234c06d545aeb70f6989594bf6f510f429",i04qpj8rx,False,False,False,False,1,latobidayz,,t5_959att,False,,0,
46,1,1685302476.0,True,https://www.redditstatic.com/avatars/defaults/v2/avatar_default_5.png,ubdghikl,False,False,False,False,1,Efficient_Act_1199,,t5_8hhyvw,False,,0,
47,2601,1510961841.0,True,"https://styles.redditmedia.com/t5_4w9nm/styles/profileIcon_snooeb3fca6b-c98d-4d0d-b038-71c9100410cc-headshot-f.png?width=256&height=256&crop=256:256,smart&s=1dcb0212090f3f0152f9f9ef8c98b69445419b62",l9renuq,False,False,False,False,2218,Jordkit,,t5_4w9nm,False,The biggest boi,0,
48,51,1659197383.0,True,https://www.redditstatic.com/avatars/defaults/v2/avatar_default_4.png,pab9ceuk,False,False,False,False,1,Away_Home_6645,,t5_6sib9m,False,,0,
49,-1,1586328034.0,False,https://www.redditstatic.com/avatars/defaults/v2/avatar_default_6.png,65lsrbji,False,False,False,False,16,lordsfrantz,,t5_2k3rvk,False,,0,
50,1026,1609743565.0,True,"https://styles.redditmedia.com/t5_3o2vfg/styles/profileIcon_snoo43047527-2b39-4670-a9df-5d465051a917-headshot-f.png?width=256&height=256&crop=256:256,smart&s=02de132ecc7fd0a894b6e20a03e73529a427d2e1",9kcg934f,False,False,False,False,419,Tenet_Bull,"https://styles.redditmedia.com/t5_3o2vfg/styles/profileBanner_wk3tfz55fyn61.jpg?width=1280&height=384&crop=1280:384,smart&s=58822db25190e7d07e1a7defb9351981bff2fc86",t5_3o2vfg,False,,0,
51,175,1388779236.0,True,"https://styles.redditmedia.com/t5_edbjk/styles/profileIcon_snoof55eaf9e-bf49-4eba-9cfb-3362b384a245-headshot.png?width=256&height=256&crop=256:256,smart&s=2a074d15b0c121d12e2d48ee6f7055e0c02dbdf6",emxgn,False,False,False,False,306,xloadx,,t5_edbjk,False,,0,
52,132,1676550411.0,True,"https://styles.redditmedia.com/t5_7xabrc/styles/profileIcon_snoo3a469c40-f38b-42e8-9a3c-e6c8e743ff91-headshot.png?width=256&height=256&crop=256:256,smart&s=cbe5cffa3b7c9cf62392a267cfb8ecacf5f05d17",vx67of8l,False,False,False,False,25,Hot_Map_7868,,t5_7xabrc,False,,0,
53,1477,1672438879.0,True,https://www.redditstatic.com/avatars/defaults/v2/avatar_default_1.png,uy28jztl,False,False,False,False,870,Direct-Touch469,,t5_7oog0n,False,,0,
54,4,1686069501.0,True,"https://styles.redditmedia.com/t5_8jg1vl/styles/profileIcon_snooe82bad7a-2eb7-4eea-8719-27ec401962dd-headshot.png?width=256&height=256&crop=256:256,smart&s=c3e2f1573f4bbfde4d2de41b599fd45f76652dab",jja2oywp,False,False,True,False,12,sivasurendira,,t5_8jg1vl,False,,0,
55,118,1534098047.0,True,"https://styles.redditmedia.com/t5_n41jp/styles/profileIcon_snoo1f5ca173-6857-4cf4-8fdd-7df69687c10c-headshot.png?width=256&height=256&crop=256:256,smart&s=5ffb0ebc353ecb3b02d3f2673a5b922d9e34b47b",1qhmkv6s,False,False,False,False,941,LardyParty,,t5_n41jp,False,,0,Probably_sl33py
56,177,1467699311.0,True,"https://styles.redditmedia.com/t5_aqmbm/styles/profileIcon_snoo2bad0ada-4b26-432d-b620-ad960a87ae2d-headshot.png?width=256&height=256&crop=256:256,smart&s=249ad6c9eb4b48eb6f01c9dfc7602149c2b0a653",z99wo,False,False,False,False,439,educhac,,t5_aqmbm,True,,0,
57,1970,1546091979.0,True,"https://styles.redditmedia.com/t5_tncah/styles/profileIcon_snoo380f8451-e9a1-4ef0-b234-158acfabb996-headshot-f.png?width=256&height=256&crop=256:256,smart&s=08e675bbdb9a66d151ce048f7a46d68faf923398",zru6c3n,False,False,False,False,119,ndurst,,t5_tncah,False,,0,
58,35,1591105800.0,True,https://www.redditstatic.com/avatars/defaults/v2/avatar_default_7.png,60pa85jj,False,False,False,False,1198,SOTP_,,t5_2pqyy9,False,,0,
59,187,1596891238.0,False,"https://styles.redditmedia.com/t5_2yqzt8/styles/profileIcon_snoo557cd3ea-3b9e-4bef-9223-8d6941bd7ab4-headshot-f.png?width=256&height=256&crop=256:256,smart&s=eabc00ef567ceaf5d96675235afc78d98765e722",6maeoze9,False,False,False,False,631,aykalam123,,t5_2yqzt8,False,,0,
60,194,1547522725.0,True,"https://styles.redditmedia.com/t5_uplk6/styles/profileIcon_snoo42095f50-9ded-4e4e-82a6-6a2276fe27fa-headshot.png?width=256&height=256&crop=256:256,smart&s=2f487b90875c90bd6dfd08b685a430db4e3f6b22",2zzpfx2v,False,False,False,False,462,Bustin_Cider_,,t5_uplk6,False,,0,
61,1598,1493956381.0,True,https://www.redditstatic.com/avatars/defaults/v2/avatar_default_1.png,1gy8hl,False,False,False,False,10586,MadNietzsche,,t5_90vlw,False,,0,
62,175,1604773284.0,True,https://www.redditstatic.com/avatars/defaults/v2/avatar_default_6.png,4is8n4hi,False,False,False,False,506,reveluv2,,t5_3devrt,False,,0,
63,-23,1610497363.0,False,https://www.redditstatic.com/avatars/defaults/v2/avatar_default_1.png,9ljvmf69,False,False,False,False,229,djdjdjifcjcjfb,,t5_3pssxt,False,,0,
64,82,1683461083.0,True,https://www.redditstatic.com/avatars/defaults/v2/avatar_default_0.png,asgejs9xc,False,False,False,False,662,Embarrassed_Sky_yes,,t5_8d22em,False,,0,
65,1000,1325741068.0,True,"https://styles.redditmedia.com/t5_1yz875/styles/profileIcon_klqlly9fc4l41.png?width=256&height=256&crop=256:256,smart&s=94486fc13b9ca9e154e9e8926e3d8c43ccc80be3",6l4z3,False,False,True,True,1000,AutoModerator,,t5_1yz875,False,,0,
66,2,1639262985.0,True,https://www.redditstatic.com/avatars/defaults/v2/avatar_default_0.png,gcppjt6w,False,False,False,False,1,lyovrnnn,,t5_5h3mw4,False,,0,
67,0,1692429086.0,True,https://www.redditstatic.com/avatars/defaults/v2/avatar_default_5.png,hwfzm7sy5,False,False,False,False,1,upsampled_videos,,t5_94vr0s,False,,0,
68,8,1692623066.0,True,https://www.redditstatic.com/avatars/defaults/v2/avatar_default_4.png,i1zpv5pos,False,False,False,False,13,Mr_Mh0,,t5_95gblg,False,,0,
69,645,1647876109.0,True,"https://styles.redditmedia.com/t5_61dpkr/styles/profileIcon_snoo312fb775-1c2e-449e-b86f-ce6e8f7c8484-headshot.png?width=256&height=256&crop=256:256,smart&s=de2bcf3661728a28e1b2b621f06ebccd407732a3",kytqh4tu,False,False,False,True,7670,SeriouslySally36,,t5_61dpkr,False,,0,
70,620,1668435870.0,True,"https://styles.redditmedia.com/t5_7dy8gz/styles/profileIcon_snoob4c9689b-55dc-4b5d-be9c-7c74576793f6-headshot.png?width=256&height=256&crop=256:256,smart&s=52acd6d2f34235254261e3446fb94cd5f48be545",uamr9xer,False,False,False,False,316,Thinker_Assignment,,t5_7dy8gz,False,"I'm Adrian and I'm working on the first python data loading library, dlt. Beware of my wikipedia-esque answers.",0,
71,705,1555453250.0,True,"https://styles.redditmedia.com/t5_zvg94/styles/profileIcon_snoo-nftv2_bmZ0X2VpcDE1NToxMzdfYzhkM2EzYTgzYmRlNWRhZDA2ZDQzNjY5NGUzZTIyYWMzZTY0ZDU3N18xNzY1MTI_rare_0efeed84-b81d-4445-9f09-9b44f3977f6e-headshot.png?width=256&height=256&crop=256:256,smart&s=8fc7dbfbeda9e1e05ccb3817a7c829dddadc63d6",17d42esw,False,False,False,False,893,Guyserbun007,"https://styles.redditmedia.com/t5_zvg94/styles/profileBanner_7tu3yxb3qc571.jpg?width=1280&height=384&crop=1280:384,smart&s=b5164f84d6f59aa1b9b66cef2dd0ad8f794f570c",t5_zvg94,True,,0,
72,3,1607636596.0,True,https://www.redditstatic.com/avatars/defaults/v2/avatar_default_5.png,8vkavx4t,False,False,False,False,1,Brilliant_Panic4801,,t5_3jj2ox,False,,0,
73,40476,1512827800.0,True,"https://styles.redditmedia.com/t5_7330g/styles/profileIcon_snoo4635338a-3da5-40f3-8fed-082b6550539c-headshot.png?width=256&height=256&crop=256:256,smart&s=4a8a2c8a1658640d5ad5db8975f66a5d1f3b917e",4jp70y,False,False,False,False,3423,thelostknight99,,t5_7330g,False,,0,
74,1,1692742245.0,True,"https://styles.redditmedia.com/t5_95smwq/styles/profileIcon_snoof39e7fdf-7620-4537-8932-07561922db89-headshot.png?width=256&height=256&crop=256:256,smart&s=ea1ee6db0bfdbd4f7a56bacb945cbf502a5d5790",i5e7v4b4c,False,False,False,False,1,emonggyal,,t5_95smwq,False,the emonggyalep,0,emonggyal
75,9192,1598981251.0,True,"https://styles.redditmedia.com/t5_32bit0/styles/profileIcon_snooaf497e70-880d-4a55-b01e-642c5853b65e-headshot.png?width=256&height=256&crop=256:256,smart&s=422ab8ba2a6936e5ab7d9f9cf280ab60054e0c02",7xmow6fx,False,False,False,False,766,Apprehensive-Ad-6161,,t5_32bit0,False,,0,
76,0,1692294189.0,True,"https://styles.redditmedia.com/t5_94hoai/styles/profileIcon_snoo-nftv2_bmZ0X2VpcDE1NToxMzdfZWI5NTlhNzE1ZGZmZmU2ZjgyZjQ2MDU1MzM5ODJjNDg1OWNiMTRmZV8xMTQ2MTgwNA_rare_9040f8b5-1754-47cf-8c82-7d8add3aaeb3-headshot.png?width=256&height=256&crop=256:256,smart&s=22d3ed9ea3db715f2e5f3f14d4e14e022c5e1ced",hslsxjf4a,False,False,False,False,1,BeautifulBlast,,t5_94hoai,False,,0,
77,138,1602588320.0,True,https://www.redditstatic.com/avatars/defaults/v2/avatar_default_4.png,8gl6ycus,False,False,False,False,19,ApprehensiveFerret44,,t5_390qrg,True,,0,
78,345,1599129510.0,True,https://www.redditstatic.com/avatars/defaults/v2/avatar_default_5.png,7aj1qm5h,False,False,False,False,873,madhav1113,,t5_32kuk5,False,,0,M
79,0,1692564876.0,True,https://www.redditstatic.com/avatars/defaults/v2/avatar_default_4.png,eo1ju4or0,False,False,False,False,1,MeringueOk9172,,t5_95a72u,False,,0,
80,1690,1547694033.0,True,"https://styles.redditmedia.com/t5_uucrc/styles/profileIcon_snoo230c0db3-7ab5-4f36-932b-81ab63782d2b-headshot.png?width=256&height=256&crop=256:256,smart&s=88fac5b66b07d7694c712f42714695f56114ddba",30iotnmb,False,False,False,False,229,Interesting_Passion,,t5_uucrc,False,,0,
81,357,1566912435.0,True,"https://styles.redditmedia.com/t5_23u1vk/styles/profileIcon_snoo7f470e46-25c7-400c-973f-c4a424c6847c-headshot.png?width=256&height=256&crop=256:256,smart&s=32d15d4f4b07760f1dfd663c2ce059aaa02dfa16",4gm2xwt2,False,False,False,False,168,bcw28511,,t5_23u1vk,True,,0,
82,130,1591115229.0,True,"https://styles.redditmedia.com/t5_2prds2/styles/profileIcon_snoo152bea63-8244-48df-856e-ef06a54074c5-headshot.png?width=256&height=256&crop=256:256,smart&s=55493646a12e53edfa36307a5697d6b54a5974fb",6kk0p5ng,False,False,False,False,245,inzz33,,t5_2prds2,False,,0,INZZ3
83,334,1644664235.0,True,"https://styles.redditmedia.com/t5_5u93kk/styles/profileIcon_snoo8405eabe-286f-4bb0-b3c0-ce0fcf0533e0-headshot.png?width=256&height=256&crop=256:256,smart&s=ad2f9f58dfef8094b4b5fbe056e67c1ce6005c59",jm8x8jsx,False,False,False,False,5671,sydneysweeney69,"https://styles.redditmedia.com/t5_5u93kk/styles/profileBanner_3s2rjdjhuos81.jpg?width=1280&height=384&crop=1280:384,smart&s=917ffccdb35f4b8be503ab14c189bc690c35509e",t5_5u93kk,True,"I love music,Reddit,twitter are the best platforms & my escape from reality.People search for happiness in the affection or validation of others but true serenity can only be found in drugs & alcohol",0,Kai 
84,1585,1461450602.0,False,"https://styles.redditmedia.com/t5_bojtx/styles/profileIcon_snoo75ecc50d-ac1a-4bf5-a3e7-d29ecef3d89f-headshot-f.png?width=256&height=256&crop=256:256,smart&s=f51a24dfb438bb918a4228c61bad1f62591aa607",xejk2,False,False,False,False,109,Sinapi12,,t5_bojtx,False,,0,
85,283,1588514300.0,True,"https://styles.redditmedia.com/t5_2mr1g8/styles/profileIcon_snoob8b5d739-bd7e-4bf9-b95f-92682fb4e0dd-headshot.png?width=256&height=256&crop=256:256,smart&s=5e8d9f5db69f02bf41eeac275e531075a373c7ce",689la5sk,False,False,False,False,1362,omarelwaliely1,,t5_2mr1g8,False,,0,
86,-4,1614725062.0,True,https://www.redditstatic.com/avatars/defaults/v2/avatar_default_2.png,54tmiaey,False,False,False,False,16,flightofeagle,,t5_41qmnm,False,,0,
87,-4,1597670193.0,True,https://www.redditstatic.com/avatars/defaults/v2/avatar_default_4.png,7ag3nxw4,False,False,False,False,75,Bright_Entrance5244,,t5_302cxl,False,,0,Hellothere 
88,74088,1600975069.0,True,"https://styles.redditmedia.com/t5_35zbrt/styles/profileIcon_snooea97ac78-191b-461d-88f2-2af668d68257-headshot.png?width=256&height=256&crop=256:256,smart&s=d8c68e727df9fed6fae5c138fb4401d8644d7ef0",87whm2mh,False,False,False,False,5824,BullCityPicker,,t5_35zbrt,False,,0,
89,44,1362056739.0,True,"https://styles.redditmedia.com/t5_p8bly/styles/profileIcon_snoo52667f98-4342-46cb-b615-aef9e060f71d-headshot.png?width=256&height=256&crop=256:256,smart&s=5bfb37d5d3987db023c9eb49c4fa8f8fdde47223",arjlo,False,False,True,False,259,xshopx,,t5_p8bly,False,,0,
90,26,1598213646.0,True,"https://styles.redditmedia.com/t5_30zykg/styles/profileIcon_snooae9cec80-81c7-41ef-a0a8-856dc7a67fed-headshot.png?width=256&height=256&crop=256:256,smart&s=fccf709888159350f3fbab4e7fe88cd609e97a44",7tqen7ik,False,False,False,False,19,Ajinkya1413,,t5_30zykg,False,,0,TheFastestSnail
91,48888,1460649815.0,False,"https://styles.redditmedia.com/t5_c3n4w/styles/profileIcon_snoo-nftv2_bmZ0X2VpcDE1NToxMzdfYzhkM2EzYTgzYmRlNWRhZDA2ZDQzNjY5NGUzZTIyYWMzZTY0ZDU3N18xNzYyODM_rare_4d9a9b86-25e1-4bc6-b2d5-69232fe36cc6-headshot.png?width=256&height=256&crop=256:256,smart&s=71f589613c530bad0e3c8c8c0f4726bde1652d11",x66s9,False,False,False,False,19680,synthphreak,,t5_c3n4w,False,,0,
92,0,1655865790.0,True,"https://styles.redditmedia.com/t5_6kjgnp/styles/profileIcon_snoo199dfa69-eb75-4b44-8b3f-ecf2505f07e9-headshot.png?width=256&height=256&crop=256:256,smart&s=ead211504e6cabae00afc80a7ff282b7718a89ba",ojl1de8y,False,False,False,False,6,elongated_muskrat_v1,,t5_6kjgnp,False,,0,
93,611,1607952263.0,True,"https://styles.redditmedia.com/t5_3k4m73/styles/profileIcon_snoo86c4e3c9-de6e-4289-8791-a8445f26e36b-headshot-f.png?width=256&height=256&crop=256:256,smart&s=b48cbc21a750803319c08686bcd224d4b13900f1",9bndzc5u,False,False,False,False,853,St0nksGoDown,,t5_3k4m73,False,,0,hedgingHarald
94,551,1532517510.0,True,"https://styles.redditmedia.com/t5_malji/styles/profileIcon_snoo7a8fdcb6-ef89-4a2a-af6c-c9039287415c-headshot.png?width=256&height=256&crop=256:256,smart&s=42338abe66e0f0d853c60a7b33539a89a1373cf9",1umdosna,False,False,False,False,1086,venkarafa,,t5_malji,False,,0,
95,14940,1511739000.0,True,"https://styles.redditmedia.com/t5_4lasi/styles/profileIcon_snoob1046b0d-68c0-403d-a09f-1f53ba917cd0-headshot-f.png?width=256&height=256&crop=256:256,smart&s=eea21f4df9e27c37a326cb6b7770fd1d55c4f4b5",dbc0733,False,False,False,False,6113,HaplessOverestimate,,t5_4lasi,False,,0,
96,-1,1579031959.0,False,https://www.redditstatic.com/avatars/defaults/v2/avatar_default_0.png,4dj7jy40,False,False,False,False,11,productanalyst9,,t5_2cuj74,False,,0,
97,995,1618537016.0,True,https://www.redditstatic.com/avatars/defaults/v2/avatar_default_4.png,bke1xrlg,False,False,False,False,91,WeOnlyCryAlone,,t5_49huub,False,,0,Write words and alter thoughts
98,393,1685711306.0,True,"https://styles.redditmedia.com/t5_8iizh1/styles/profileIcon_snoo9c375a1a-e05b-445b-8f75-45aa1d10f879-headshot.png?width=256&height=256&crop=256:256,smart&s=7199ec389e8aa0d6bb7bf6712ddfd103997ce8f7",ckowz6q19,False,False,False,False,32,Dangerous_Hearing_34,,t5_8iizh1,False,,0,
99,49,1678319016.0,True,"https://styles.redditmedia.com/t5_8136e8/styles/profileIcon_snoo73ba771e-8c5a-4b4d-b579-4396127a5dcd-headshot.png?width=256&height=256&crop=256:256,smart&s=c2db7ff4a2a64685571aeed4af0c46abbffc22f9",w4jxixz4,False,False,False,False,270,loverboi24333,,t5_8136e8,True,,0,
