,author,author_flair_text,clicked,comments,created_utc,distinguished,edited,id,is_original_content,is_self,locked,name,num_comments,over_18,permalink,saved,score,selftext,spoiler,stickied,subreddit,title,upvote_ratio,url
0,Bright_Entrance5244,,False,0,1692746894.0,,False,15ymdux,False,True,False,t3_15ymdux,0,False,/r/datascience/comments/15ymdux/looking_to_switch_careers_do_i_have_enough/,False,1,"Hi all,
Im currently in the process of mastering out of my Neuroscience PhD program with the hopes of finding a job in data science/engineering or software engineering. During my time in the program, I‚Äôve learned how to code in MATLAB, R and SAS, and have used these skills to statistically analyze and visualize neural time series data. While working on this project, I discovered that I loved working on the data analysis component more than anything else, and figured it would be best to take the risk and pivot directions in my career. I‚Äôve been in the neuroscience field for the past 5 years, but I think I‚Äôm ready to make a change. 

I‚Äôm currently looking into SQL and Python certificates ( are these things even worth it?) and internships/entry level jobs. I‚Äôve been applying for the last month and haven‚Äôt had any luck though. Should I keep trying, change my approach, or consider going back to school?",False,False,datascience,Looking to switch careers; do I have enough experience?,1.0,https://www.reddit.com/r/datascience/comments/15ymdux/looking_to_switch_careers_do_i_have_enough/
1,emonggyal,,False,4,1692743438.0,,False,15ykwp0,False,True,False,t3_15ykwp0,10,False,/r/datascience/comments/15ykwp0/help_with_career_choice_for_college_senior/,False,1,"Hi! I recently completed an internship in a somewhat rural/suburban city in the Midwest and they reached out with a return offer. I'm also graduating from a relatively (T20) prestigious university with a degree in statistics and data science. The return offer is only available in the midwest city that the internship was located in and the pay is really good for a new grad in my field. I will also mention that I am not in a stressful financial situation; if I don't take the job, I will survive.

My question is: Is it worth it to turn down this offer for the opportunity of something better?

I have two options at hand. 

**Option 1: Take the return offer**

**Pros**

* Good six-figure pay with a $20k sign-on and available target bonuses
* The location has a low cost of living
* Hybrid, very lenient work-life balance

**Cons**

* I'm stuck with the company for two years
* There isn't much to do in the town
* No friends or family within 800 miles of the location
* Can't pursue a master's program aside from the local university

**Option 2: Pursue a Master's degree/higher paying role**

**Pros**

* More flexibility in career and education
* Can stay in the city where my friends and family live
* Can find a potentially better role or even a prestigious Master's program in statistics OR cs

**Cons**

* Nothing is guaranteed; had a really hard time getting this internship in the first place
* Potentially lower pay or even no money if companies don't take me
* Have to focus on applications for both jobs and universities in the fall
* Stress",False,False,datascience,Help with career choice for college senior,1.0,https://www.reddit.com/r/datascience/comments/15ykwp0/help_with_career_choice_for_college_senior/
2,Tenet_Bull,,False,2,1692742770.0,,False,15ykm1r,False,True,False,t3_15ykm1r,5,False,/r/datascience/comments/15ykm1r/leetcode/,False,2,do python leetcode style questions actually get asked in data science technical interviews or mainly just sql/pandas stuff? my data science bachelors program only has 2 actual python classes requires for the degree with the rest being R or more ML heavy stuff.,False,False,datascience,leetcode,1.0,https://www.reddit.com/r/datascience/comments/15ykm1r/leetcode/
3,reveluv2,,False,0,1692741969.0,,False,15yk8x7,False,True,False,t3_15yk8x7,0,False,/r/datascience/comments/15yk8x7/how_to_prepare_for_grad_school_for_data_science/,False,2,"I want to go to grad school for data science but don‚Äôt have the math background for it quite yet. I‚Äôve looked into some post bacc math programs but there are none near me and I want to get started as soon as possible. Anyone have any advice on how you can be qualified for grad school without a engineering/CS/math background (I have coding experience with R, just need the math). Could I just take math classes at a community college?",False,False,datascience,How to prepare for grad school for data science?,1.0,https://www.reddit.com/r/datascience/comments/15yk8x7/how_to_prepare_for_grad_school_for_data_science/
4,Ajinkya1413,,False,2,1692740434.0,,False,15yjk7g,False,True,False,t3_15yjk7g,3,False,/r/datascience/comments/15yjk7g/job_application_platform_in_us_which_has_highest/,False,2,"I am not sure where should I focus on while applying for Data jobs in the US. I do understand my profile and resume plays an important role in this but I dont want to waste my time on wrong things as this process is very tedious. Please consider quality and authenticity of the jobs, number of applicants, application process, and other such factors while voting.

[View Poll](https://www.reddit.com/poll/15yjk7g)",False,False,datascience,Job application platform in US which has highest chances of a call.,1.0,https://www.reddit.com/r/datascience/comments/15yjk7g/job_application_platform_in_us_which_has_highest/
5,niujin,,False,0,1692738554.0,,False,15yiovs,False,True,False,t3_15yiovs,0,False,/r/datascience/comments/15yiovs/predict_number_of_conversions_or_conversion_rate/,False,1,"I am building a model to predict a conversion rate in marketing/retail (offline).

&#x200B;

I have data that e.g. a flyer was given to 1000 people, and 10 people scanned a code - on a particular day at a particular location. The number of flyers handed out on a day varies.

&#x200B;

My aim is to create a predictive model: if we hand out flyers on X day at Y locaiton in X industry, how many will convert/what will be the conversion rate? (Convert in this case is buying a product, scanning a 2D barcode, visiting a URL, etc)

&#x200B;

I can think of 2 ways to model this

&#x200B;

1. make a regression model where one of the independent variables is the total number of flyers handed out, and the dependent variable is the total number of conversions. This number is typically between 0 and 100.

2. make a regression model to predict the conversion \*rate\*, that is, a number between 0 and 1.

&#x200B;

My conversion rate and conversions are both very skewed when I plot them on a histogram. E.g. 30% of the time, a marketing campaign has 0 conversions. Then 1 is the next commonest count, then 2, etc...

&#x200B;

For this reason I am sure vanilla logistic regression and many other models will not work very well.

&#x200B;

I am considering one idea being a 2-level model: a binary classifier to classify into zero and non-zero, then a separate classifier trained on a log scale.

&#x200B;

I am wondering also if the conversions can be modelled as a Poisson process because the curve looks like that. But is there a kind of predictive model that can do that?

&#x200B;

Grateful for any ideas! Thanks!",False,False,datascience,Predict number of conversions or conversion RATE? Very skewed distribution,1.0,https://www.reddit.com/r/datascience/comments/15yiovs/predict_number_of_conversions_or_conversion_rate/
6,Away_Home_6645,,False,0,1692736982.0,,False,15yhyrv,False,True,False,t3_15yhyrv,0,False,/r/datascience/comments/15yhyrv/transitioning_from_ic_to_management/,False,1,"I‚Äôve recently relocated for an offer that has transitioned me from an IC to management and was wondering how everyone else has handled the transition.

1. How has everyone handled transitioning industries? Moving from finance to manufacturing what can I expect?

2. What was it like moving from IC to Management? Any advice?

3. As an IC at a larger firm, what can I expect as part of management at a smaller company?

Any advice is appreciated, the past few months have been really dense and want to know how I can set my team up for success.",False,False,datascience,Transitioning from IC to Management,1.0,https://www.reddit.com/r/datascience/comments/15yhyrv/transitioning_from_ic_to_management/
7,thisisme2588,,False,0,1692736626.0,,False,15yhsvc,False,True,False,t3_15yhsvc,0,False,/r/datascience/comments/15yhsvc/conversion_msc_vs_bsc/,False,1,"Hey everyone! 
Hoping someone can give me some wisdom. 
I'm coming from a finance background and want to make a career change into Data Science and AI. I currently have offers from different universities to either do a BSc in it (would be my second one, I have a finance BA already), or for a conversion degree (MSc). 
Apart from the fact that one takes 3 years and the other takes 1 year, it would be amazing to get some advice on what is a better route to take for a career change into the industry. 
Thanks!",False,False,datascience,Conversion MSc vs BSc?,1.0,https://www.reddit.com/r/datascience/comments/15yhsvc/conversion_msc_vs_bsc/
8,oceansandsky100,,False,1,1692736205.0,,False,15yhlp5,False,True,False,t3_15yhlp5,1,False,/r/datascience/comments/15yhlp5/if_you_manage_or_work_with_interns_what_do_you/,False,1,I‚Äôm about to start my first data science internship and I‚Äôm really excited ! I studied maths and worked for a bit in quant but I think DS will really excite and interest me. Just came on here to ask for a little bit of advice for my first data science internship . Thanks!,False,False,datascience,If you manage or work with interns what do you like to see in them ?,1.0,https://www.reddit.com/r/datascience/comments/15yhlp5/if_you_manage_or_work_with_interns_what_do_you/
9,Pataouga,,False,1,1692735971.0,,False,15yhhwp,False,True,False,t3_15yhhwp,1,False,/r/datascience/comments/15yhhwp/how_difficult_is_it_to_get_a_data_science_job_at/,False,1,"Hello, sorry if it‚Äôs something asked over and over again. I have a bachelor‚Äôs in Economics and I‚Äôm soon ending my master‚Äôs degree in data science with a 3.5-4 GPA from the Netherlands. It‚Äôs my dream to work at the USA so I‚Äôm asking if it‚Äôs realistic or if the work visa requirements given my information is unrealistic. Thank you",False,False,datascience,How difficult is it to get a data science job at USA as an EU?,1.0,https://www.reddit.com/r/datascience/comments/15yhhwp/how_difficult_is_it_to_get_a_data_science_job_at/
10,ForTheWin72,,False,1,1692735867.0,,False,15yhgaa,False,True,False,t3_15yhgaa,1,False,/r/datascience/comments/15yhgaa/make_plotlys_figshow_start_the_http_page_and/,False,1,"I am using plotly in a Jupyter Notebook context that is being hosted on my WSL instance... upon calling `fig.show(renderer='browser')`, I'd like to just have plotly start up the web page and print the resulting URL of the page to stdout so that I can load up the page in my native Windows browser rather than try to launch it from a browser inside WSL.",False,False,datascience,Make plotly's `fig.show()` start the http page and print the URL instead of opening the browser?,1.0,https://www.reddit.com/r/datascience/comments/15yhgaa/make_plotlys_figshow_start_the_http_page_and/
11,expert_tutors,,False,0,1692735485.0,,False,15yha5c,False,True,False,t3_15yha5c,0,False,/r/datascience/comments/15yha5c/tutor/,False,0,https://discord.gg/jnSfcJkg,False,False,datascience,Tutor,0.5,https://www.reddit.com/r/datascience/comments/15yha5c/tutor/
12,MadNietzsche,,False,17,1692734646.0,,False,15ygw3z,False,False,False,t3_15ygw3z,23,False,/r/datascience/comments/15ygw3z/statistics_iceberg/,False,121,,False,False,datascience,Statistics iceberg,0.94,https://i.redd.it/9zhztlt1xpjb1.jpg
13,Sinapi12,,False,2,1692734046.0,,1692734863.0,15yglpm,False,True,False,t3_15yglpm,4,False,/r/datascience/comments/15yglpm/career_with_engineering_degree/,False,1,"Forgive me if this is a dumb question, but does anyone know of somebody who has worked as a data scientist with a masters degree in electrical and computer engineering (ECE), as opposed to the traditional DS/Stats/CS masters?

I just finished a BSc in CS, and applied for both an MESc in ECE and an MSc in CS, beginning this fall. 

Unfortunately my application for CS was rejected, though my application for ECE was approved. I am really worried and stressed that because the ECE degree is more hardware-focused than math+statistics like CS, it would significantly limit my career opportunities as a data scientist moving forward. 

On paper, my degree would be a ""Masters in Computer and Electrical Engineering, specializing in Software Engineering, with a collaborative specialization in Artificial Intelligence""

Any insight is appreciated.",False,False,datascience,Career with Engineering degree?,1.0,https://www.reddit.com/r/datascience/comments/15yglpm/career_with_engineering_degree/
14,Real-Capital-3801,,False,1,1692733217.0,,False,15yg80n,False,True,False,t3_15yg80n,4,False,/r/datascience/comments/15yg80n/industrial_engineer_to_data_science_field/,False,1,"I am looking into career change from industrial engineering background to DS field. I got a strong background in stats from my Master‚Äôs day. My work experience revolves around Project management. Currently in this job for 6 years. Not sure where to start and really intrested in working on Data Analysis.

Any PM in automotive background switched to Data Scienece kind of a role? 

Any help would be greatly appreciated.",False,False,datascience,Industrial engineer to Data science field,0.67,https://www.reddit.com/r/datascience/comments/15yg80n/industrial_engineer_to_data_science_field/
15,Agreeable-Race8818,,False,2,1692733210.0,,False,15yg7v8,False,True,False,t3_15yg7v8,3,False,/r/datascience/comments/15yg7v8/advice_for_an_undergraduate/,False,1,"With the advancements of AI and potential over-saturation yielding much uncertainty for the field of Data Science, what advice would you guys offer to a DS undergraduate in their 3rd year? What sort of skills and tasks should I focus on? What subsets of DS do you find to be promising? All advice is appreciated :)",False,False,datascience,Advice for an undergraduate,1.0,https://www.reddit.com/r/datascience/comments/15yg7v8/advice_for_an_undergraduate/
16,lordsfrantz,,False,8,1692733166.0,,False,15yg766,False,True,False,t3_15yg766,17,False,/r/datascience/comments/15yg766/is_the_google_data_cert_worth_it/,False,4,"I am a 19 year old who doesn‚Äôt have a degree and I don‚Äôt wanna get one, I just recently started taking the google data certification course and I have a lot of experience with power bi, excel, and a bunch of different MRP and other softwares as I work for my aunt who‚Äôs been in the software space for 20+ years, I know that not having a degree and not working with data specific softwares is probably going to be a dampener on my resume, but do you think it is worth it for me to take the beginner and advanced cert and get even more well versed in excel and power bi, I‚Äôm also going to start working with some data softwares to slowly start learning how to use them. Do you think I‚Äôll be able to find a high paying data analyst job eventually or is this a waste of time?",False,False,datascience,Is the google data cert worth it?,0.63,https://www.reddit.com/r/datascience/comments/15yg766/is_the_google_data_cert_worth_it/
17,venkarafa,,False,3,1692732280.0,,False,15yfsub,False,True,False,t3_15yfsub,3,False,/r/datascience/comments/15yfsub/what_are_my_options_if_i_want_to_create_llm_based/,False,1,"Hello NLP / GenAI folks,

I am looking to create a LLM based chatbot trained on my own data (say PDF documents). What are my options? I don't want to use OpenAI API as I am concerned with not sharing the sensitive data.

Are there any open source and cost effective way to train your LLM model on own data?",False,False,datascience,What are my options If I want to create LLM based chatbot trained on my own data?,1.0,https://www.reddit.com/r/datascience/comments/15yfsub/what_are_my_options_if_i_want_to_create_llm_based/
18,sivasurendira,,False,0,1692731559.0,,False,15yfgop,False,True,False,t3_15yfgop,0,False,/r/datascience/comments/15yfgop/open_sourcing_a_data_science_analytics_platform/,False,0,"**Question to the data science community**: Would you like to use a user-friendly data science analytics platform if we open-source it? Lyzr is to data analysts and business users what Streamlit is to data scientists and ML engineers.

We're on the verge of launching an open-source version of our new insights platform, www.lyzr.ai, explicitly crafted with the analyst community in mind, and we'd be honored if you could test it and share your invaluable feedback. It may currently seem like a mere GPT wrapper, but trust us, countless hours and dedication have gone into making this more than just that.

**Why did we create it?**

There is just 1 data scientist for every 100 data analysts (as per GCP data analytics head). We envision a world where data analysts and business users have the tools to dabble more in to data science. Our platform also aims to simplify the 0-75th percentile of descriptive statistics for data scientists, allowing them to concentrate on building more complicated data science models. Plus, for the business folks, it's user-friendly!

The cherry on top? We're gearing towards an open-source launch. We believe in the power of collective genius and want everyone to benefit from what we've built and further enhance it collaboratively.

Please let me know if you are interested in giving it a spin. Will DM the link.

And let us know what you think! What features resonate with you? What's missing? Would you use it if open-sourced?

Your feedback will not only be appreciated, but it'll also be instrumental in shaping the future of this platform.

Thank you and looking forward to your insights!",False,False,datascience,Open Sourcing a Data Science Analytics Platform,0.33,https://www.reddit.com/r/datascience/comments/15yfgop/open_sourcing_a_data_science_analytics_platform/
19,DirectionOther224,,False,2,1692731159.0,,False,15yf9pl,False,True,False,t3_15yf9pl,2,False,/r/datascience/comments/15yf9pl/title_negotiation/,False,1,"Hi, I have been in my company as a junior for less than a year now, but now is the round for negotiation. I have a Master‚Äôs and 3 years of experience in a prestigious role in engineering (not data science). I clearly showed since I joined that I‚Äôm good in research and building models and also in data engineering skills, compared for example to similar hires, that started at the same time. However they were hired with higher seniority than me because they have a phd (not in data science or engineering). I‚Äôm also very ambitious and work extra hours regularly.
While I don‚Äôt like to talk like that, I think it‚Äôs unfair to me that I be more efficient and productive while another get a higher role just because of phd. What‚Äôs your opinion about that ? I want to be professional and not let my manager think I‚Äôm an asshole (I admire and care about my manager). Your opinions are appreciated",False,False,datascience,Title negotiation,1.0,https://www.reddit.com/r/datascience/comments/15yf9pl/title_negotiation/
20,BullCityPicker,,False,1,1692727850.0,,False,15ydpcs,False,True,False,t3_15ydpcs,1,False,/r/datascience/comments/15ydpcs/whats_a_data_science_hub/,False,1,"I've got a meeting coming up with senior management because a new VP wants a ""data science hub"" built.    We've got a Wiki, an internal GitHub, and have a repository for instructional videos.   Anybody have any ideas what ELSE might go in this thing?   Yeah, I know, edicts from senior management and all.  I'm not even sure he knows about what we already have.",False,False,datascience,"What's a ""data science hub""?",1.0,https://www.reddit.com/r/datascience/comments/15ydpcs/whats_a_data_science_hub/
21,Travolta1984,,False,0,1692726086.0,,False,15ycw7v,False,True,False,t3_15ycw7v,0,False,/r/datascience/comments/15ycw7v/anyone_has_any_experience_publishing_code_in/,False,1,"Recently I had to implement a product recommendation model based on a specific paper, and looking online I didn't find any existing implementation I could leverage. I ended up creating my implementation, so I am wondering if I can legally publish this implementation in Github and associate it with the respective paper in [paperswithcode.com](https://paperswithcode.com).

Does anyone have any experience doing this? [https://paperswithcode.com/about](https://paperswithcode.com/about) explicitly says that anyone can contribute, but do I need to get approval from the paper's authors? I don't think so, but decided to ask around to avoid any problems in the future.

&#x200B;",False,False,datascience,Anyone has any experience publishing code in paperswithcode?,1.0,https://www.reddit.com/r/datascience/comments/15ycw7v/anyone_has_any_experience_publishing_code_in/
22,aykalam123,,False,1,1692725322.0,,False,15ycjai,False,True,False,t3_15ycjai,1,False,/r/datascience/comments/15ycjai/which_book_is_the_new_equivalent_of_data_science/,False,1,"That book stayed relevant for years as a good and comprehensive intro for business users to understand data science. Given that a lot has changed over the years, what book covers the latest developments in the field and can be recommended as a comprehensive overview for business users?",False,False,datascience,Which book is the new equivalent of Data Science for Business by Tom Fawcett?,0.67,https://www.reddit.com/r/datascience/comments/15ycjai/which_book_is_the_new_equivalent_of_data_science/
23,Efficient_Act_1199,,False,1,1692721592.0,,False,15yas7n,False,True,False,t3_15yas7n,1,False,/r/datascience/comments/15yas7n/business_modelling_and_analytics/,False,1,"Hey guys! I‚Äôve just graduated with a business major and I‚Äôm really interested in getting into the world of data.

I‚Äôm wondering if anyone has any advice on how to break into the industry as a graduate with a not so strong maths background.

I was looking at Deloitte‚Äôs Graduate Programme in Business Modelling and Analytics as it only requires a generic degree discipline - just as long as you have a B grade in GCSE Maths. Is there anyone here in the same boat? Or has entered this industry with less maths knowledge?",False,False,datascience,Business Modelling and Analytics,1.0,https://www.reddit.com/r/datascience/comments/15yas7n/business_modelling_and_analytics/
24,Old-Astronomer-471,,False,26,1692720825.0,,False,15yafe6,False,True,False,t3_15yafe6,61,False,/r/datascience/comments/15yafe6/did_i_screw_up_my_career_or_its_just_a_bad_time/,False,51,"Background about me: 3.5 yoe as Data Analyst as a contractor in faang, currently working on a part-time online MSCS degree, resume is well-crafted by a career coach.

I have been applying for Data Engineer/ BIE jobs for the last 2 weeks, 200+ applications sent (including contractors/FTE/onsite/remote roles), only got 3 calls back from the entry-level contractor roles, pay is unfair. 

I know 200+ applications may not be enough to say anything, but the rate of recruiter call back is too low and I started questioning my qualifications...

Is it just a bad time to apply for jobs, or did I screw up my career by staying in contractor roles for too long? 

Any suggestions are appreciated!",False,False,datascience,Did I screw up my career or it's just a bad time to apply for jobs?,0.88,https://www.reddit.com/r/datascience/comments/15yafe6/did_i_screw_up_my_career_or_its_just_a_bad_time/
25,djdjdjifcjcjfb,,False,1,1692720582.0,,False,15yab8f,False,True,False,t3_15yab8f,1,False,/r/datascience/comments/15yab8f/useful_certs_while_earning_a_masters_in_cs/,False,5,I am working at a large insurance company as a data analyst while earning a masters in CS (1 class per semester). I want to apply to Data science jobs at my company when I complete the program and improve my portfolio. Any benefits to additional certs while doing all of the above? Thank you,False,False,datascience,Useful certs while earning a Masters in CS?,1.0,https://www.reddit.com/r/datascience/comments/15yab8f/useful_certs_while_earning_a_masters_in_cs/
26,synthphreak,,False,1,1692719963.0,,1692741583.0,15ya03e,False,True,False,t3_15ya03e,1,False,/r/datascience/comments/15ya03e/to_the_sr_mles_what_was_it_like_to_transition_to/,False,8,"Junior MLE here, NLP. ~3 years of experience. No STEM background aside from this job, my first in ML. Massive imposter syndrome.

Now I'm looking for my second MLE job, but 9+/10 postings are for Senior MLE. Knee-jerk, I feel I'm not ready to deliver at the level that title connotes; There is still so much I don't know how to do. I also really appreciate having mentors and other more senior people to look up to and learn from, like I have currently.

But when I read the ""Senior"" job descriptions, many expect just like 2 or 3 YOE, which I have. I also usually tick at least half the boxes to one extent or another. So I'm throwing caution to the wind and just applying.

I'm trying to put my imposter syndrome aside and stop self-selecting myself out of these roles. I'd rather let the hiring managers make that decision. But I admit, I am terrified.

So I'd love to hear from people who have made the jump from Junior to Senior. What was the transition like? Some possible discussion points:

- How did your responsibilities change?

- What new stacks or skills did you have to acquire, and how quickly?

- What things did you do as a Junior that you no longer do?

- Did you still have people to mentor you, e.g., ""Principals""?

- Does having a ""Senior"" title always imply you are like leading projects, mentoring juniors, and that the buck stops with you?

- Is this just the kind of thing you never feel ready for, and so you always just have to jump in blindly and learn how to swim?

All input welcome and appreciated.",False,False,datascience,"To the Sr. MLEs: What was it like to transition to your first ""Senior"" role?",1.0,https://www.reddit.com/r/datascience/comments/15ya03e/to_the_sr_mles_what_was_it_like_to_transition_to/
27,TacoMisadventures,,False,4,1692718876.0,,False,15y9hx9,False,True,False,t3_15y9hx9,11,False,/r/datascience/comments/15y9hx9/do_you_retrain_models_on_calibration_sets/,False,4,"For typical modeling workflows, you retrain your model on the test set before deployment.

While this could potentially invalidate your previously-reported test accuracy, I've yet to see someone care in practice.

Similarly, it seems possible that re-training your model on any held-out ""calibration"" set could undo its calibrated-ness‚Äîand ruin guarantees provided by powerful methods like conformal prediction.

Any thoughts on the best way to proceed for problems where some level of calibration is required? Thanks!",False,False,datascience,"Do you retrain models on ""calibration sets"" post-calibration?",0.75,https://www.reddit.com/r/datascience/comments/15y9hx9/do_you_retrain_models_on_calibration_sets/
28,ndurst,,False,5,1692716892.0,,False,15y8k2k,False,True,False,t3_15y8k2k,5,False,/r/datascience/comments/15y8k2k/what_level_of_importance_should_be_given_to_data/,False,4,"For context, I work at a small but well-established tech company and I‚Äôm the only DS. I‚Äôve been there for almost 2.5 years. Recently, there have been significant changes and we have a new CPO. She has worked in the company since its inception and has a pretty good intuition about how things will work. She has been nice to me and has said how important metrics are but she‚Äôs been assigning work to people and pushing projects to change considerable parts of the product without checking in on related metrics or designing any experiment. She does occasionally ask for my input but I usually have to insert myself in the discussions if I overhear what‚Äôs going on and it‚Äôs getting annoying at this point.

In your experience, is this normal? 
How much does data weigh in company decisions in your case?

PS: I‚Äôm thinking about leaving but I know the market isn‚Äôt great. I have a 1-year contract offer at a cool company. It‚Äôs great work but it‚Äôs only 1 year and at the same pay I‚Äôm earning now.",False,False,datascience,What level of importance should be given to data in company decisions?,1.0,https://www.reddit.com/r/datascience/comments/15y8k2k/what_level_of_importance_should_be_given_to_data/
29,Former-Locksmith5411,,False,14,1692714650.0,,False,15y7j15,False,True,False,t3_15y7j15,42,False,/r/datascience/comments/15y7j15/microsoft_is_bringing_python_to_excel/,False,345,"[https://www.theverge.com/2023/8/22/23841167/microsoft-excel-python-integration-support](https://www.theverge.com/2023/8/22/23841167/microsoft-excel-python-integration-support)

 The two worlds of Excel and Python are colliding thanks to Microsoft‚Äôs new integration to boost data analysis and visualizations. ",False,False,datascience,Microsoft is bringing Python to Excel,0.98,https://www.reddit.com/r/datascience/comments/15y7j15/microsoft_is_bringing_python_to_excel/
30,bcw28511,,False,8,1692713778.0,,False,15y74wp,False,True,False,t3_15y74wp,9,False,/r/datascience/comments/15y74wp/what_is_the_point_of_being_a_data_analyst/,False,0,"10 years ago, there was a very clear distinction between being a DA and a DS. Now the line has blurred significantly and it seems the only difference between the two positions is experience and 50% pay difference. 

I understand that the differences are likely much more significant at FAANG and other big tech companies, but for 90% of companies this seems to be the case. 

It seems like DA is just the entry level position to the entry level data science position. Another level of filtering. Get out of school, land an associate DA position making 50k for two years, just to hop to a junior DS position (doing basically the same work) for 90k, then become an ‚Äúactual‚Äù data scientist after another 18 months making 115k. 

Does this seem right to you guys?",False,False,datascience,What is the point of being a Data Analyst?,0.48,https://www.reddit.com/r/datascience/comments/15y74wp/what_is_the_point_of_being_a_data_analyst/
31,Jordkit,,False,0,1692711345.0,,False,15y628l,False,True,False,t3_15y628l,0,False,/r/datascience/comments/15y628l/marginal_homogeneity_test_in_r/,False,3,"Hi y'all,

Unsure if this is the right sub. 
I'm trying to analyze a singular question of a measure (3-point question, 3/2/1) at multiple timepoints (4) and am unsure of the route I should go. My sample size is about 30-40. I think I should be using some sort of marginal homogeneity test, but I'm veryyyy ambivalent on that choice. 

In addition, does anyone have any links on how to code this in R? I am sort of just a psychology undergrad, so most of the sites I've visited feel a bit over my head.",False,False,datascience,Marginal Homogeneity Test in R,1.0,https://www.reddit.com/r/datascience/comments/15y628l/marginal_homogeneity_test_in_r/
32,tits_mcgee_92,,False,1,1692709896.0,,False,15y5g4v,False,True,False,t3_15y5g4v,1,False,/r/datascience/comments/15y5g4v/i_dont_understand_the_career_progression_into/,False,1,"Hey everyone! I've been a Data Analyst for a few years now and really enjoy it. I've done some basic model building (regression for example), but most of my job is SQL, Python, and Tableau/PBI. I don't necessarily mind it, but I've really been intrigued by Data Engineering.

The only issue: I can't seem to find any sort of viable advice or roadmap for the field.

Skills seem to be all over the place from Python to Java, and various cloud based platforms. My company, for example, uses AWS Glue and Python only.

For a DA, most people would agree you would want to learn SQL, then a data viz software, and then Python (or some flavor of that). 

What would you consider the equivalent for DE? They seem to be in high demand right now and I would love to start practicing that skill set.

The only ETL thing I have done at this point is web scraping data (Python), loading it into our database, then cleaning/adjusting the data so it can be used.",False,False,datascience,I don't understand the career progression into Data Engineering,0.67,https://www.reddit.com/r/datascience/comments/15y5g4v/i_dont_understand_the_career_progression_into/
33,omarelwaliely1,,False,5,1692706248.0,,1692706719.0,15y3ziw,False,True,False,t3_15y3ziw,11,False,/r/datascience/comments/15y3ziw/my_first_data_science_app/,False,51,"Hey guys, I wanted to announce that after a lot of lurking I finally created my own data science app! I want to thank you guys since you guys gave me the motivation to do so, and some of you even gave me tips on starting in the field on my alt account.

For the sake of transparency The [GitHub](https://github.com/omarelwaliely/chatanalyzer) is accessible to the public.

The app is pretty simple, it‚Äôs a [WhatsApp analyzer](https://whatlytics.streamlit.app/). You put in your chat as a text file using the export chat feature on WhatsApp, and it gives useful statistics as well as some options like downloading the data frame (in case you want to do your own manipulations) and a word cloud. I built it using python (pandas, plotly, matplotlib, regex,‚Ä¶) and deployed it on streamlit community.
The question now becomes what should I do next on my data science journey?

Also I am extremely open to criticism, so knock yourself out.",False,False,datascience,My first data science app!,0.89,https://www.reddit.com/r/datascience/comments/15y3ziw/my_first_data_science_app/
34,Queasy_Commission316,,False,4,1692702523.0,,False,15y2ld0,False,True,False,t3_15y2ld0,6,False,/r/datascience/comments/15y2ld0/you_will_never_fall_short_of_data_again_find_out/,False,0,"I am a machine learning engineer. I have been working professionally for the past 1 year. My work is centered around document intelligence and computer vision stuff. In my journey so far, I have come across several occasions where lack of data was a major setback.

I am sure we all can agree that data annotation is a very time and resource consuming task. This can take up-to weeks and countless hours of reviewing to come up with useable data. This has let to explore solutions where I can somehow automate this or have some sort of mechanism which will allow me to generate maximum amount of quality data by spending minimum amount of time.

With that being said, a thought of a prompt guided annotation tool has come to surface. This will solve for the following problems.

1. Prompt guided annotation instead of human guided labelling.
2. Real time feedback and error correction.
3. Can be hosted locally to maintain data privacy.
4. Will support vision and text annotation to start with.

My intension behind putting out this post is to understand

1. If this will be a project worth pursing.
2. Will this actually solve a problem at scale for the community.
3. If the first 2 answers are yes, then I would love to collaborate to scope this better and build some cool stuff!!

Happy coding.",False,False,datascience,You will never fall short of data again. Find out how?,0.32,https://www.reddit.com/r/datascience/comments/15y2ld0/you_will_never_fall_short_of_data_again_find_out/
35,SOTP_,,False,6,1692691236.0,,False,15xywhh,False,True,False,t3_15xywhh,6,False,/r/datascience/comments/15xywhh/how_long_did_it_take_you_to_get_your_first_data/,False,0,"The results  will at least help newbies in their estimations, though it works out differently for  different people.   


To improve accuracy, only answer if you landed a job.

[View Poll](https://www.reddit.com/poll/15xywhh)",False,False,datascience,How long did it take you to get your first Data Science job?,0.44,https://www.reddit.com/r/datascience/comments/15xywhh/how_long_did_it_take_you_to_get_your_first_data/
36,Brilliant_Panic4801,,False,0,1692682050.0,,False,15xvz9n,False,True,False,t3_15xvz9n,0,False,/r/datascience/comments/15xvz9n/case_prep_guidequestion_for_bcg_x_technical/,False,1,"Are there any case prep guides or questions to help me prepare for the BCG X technical interview? If so, could you please point me to it? I went through all that they have on their site. I need an exhaustive list of questions to brush up on all the key business details that would help me ask provoking and relevant questions. Also, the ML methods that people have been thinking of to solve those to get some directions. Thanks! ",False,False,datascience,Case prep guide/question for BCG X technical interview?,0.67,https://www.reddit.com/r/datascience/comments/15xvz9n/case_prep_guidequestion_for_bcg_x_technical/
37,productanalyst9,,False,1,1692681401.0,,False,15xvros,False,True,False,t3_15xvros,1,False,/r/datascience/comments/15xvros/is_there_a_python_package_that_will_help_me_find/,False,3," I want to use the causal inference technique, difference in differences, to estimate the impact of a feature launch. Unfortunately, the cohort of customers that I was hoping to use as the ""control"" group does not meet the parallel trends assumption. I was wondering if there is a package that will identify a a cohort of customers that does meet the parallel trends assumption? It's sort of like matching except instead of finding customers that are similar to my treatment group, I just want to find customers that exhibit behavior that is parallel to the treatment group.",False,False,datascience,Is there a Python package that will help me find a group with parallel trends that I can then use to perform difference in difference analysis?,0.8,https://www.reddit.com/r/datascience/comments/15xvros/is_there_a_python_package_that_will_help_me_find/
38,Professional-Ninja70,,False,3,1692678606.0,,False,15xuu3a,False,True,False,t3_15xuu3a,3,False,/r/datascience/comments/15xuu3a/julia_programming_language_community_opinion/,False,2,"Hey guys, I‚Äôm currently working as a data scientist for a startup mostly using Python and SQL. We build NLP and time series models for various use cases. 
I want figure out how much of Julia is being used in the data science community and what is its scope for the future?
Is it worth learning now to be ready for the future when it becomes mainstream?

[View Poll](https://www.reddit.com/poll/15xuu3a)",False,False,datascience,Julia Programming language community opinion,1.0,https://www.reddit.com/r/datascience/comments/15xuu3a/julia_programming_language_community_opinion/
39,ApprehensiveFerret44,,False,2,1692677853.0,,False,15xuko1,False,True,False,t3_15xuko1,2,False,/r/datascience/comments/15xuko1/using_your_knowledge_in_data_science_how_would/,False,0,"Hasta la vista, baby",False,False,datascience,"Using your knowledge in data science, how would you prevent a Terminator event?",0.3,https://www.reddit.com/r/datascience/comments/15xuko1/using_your_knowledge_in_data_science_how_would/
40,ChapterOk9010,,False,9,1692676027.0,,False,15xtxd1,False,True,False,t3_15xtxd1,25,False,/r/datascience/comments/15xtxd1/whats_your_salary/,False,3,Just curious how much you data scientists/analysts are getting paid?,False,False,datascience,Whats your salary?,0.57,https://www.reddit.com/r/datascience/comments/15xtxd1/whats_your_salary/
41,elongated_muskrat_v1,,False,3,1692675826.0,,False,15xtus1,False,True,False,t3_15xtus1,3,False,/r/datascience/comments/15xtus1/thought_of_using_jupyter_notebooks_in_production/,False,0,"I need to run a Jupyter notebook periodically to generate a report and I have another notebook that I need to expose as an endpoint for a small dashboard. Any thoughts on deploying notebooks to production with tools like papermill and Jupyter kernel gateway? 

Or is it better to just take the time to refactor this as a fastAPI backend?

Curious on hearing your thoughts",False,False,datascience,Thought of using Jupyter notebooks in production?,0.5,https://www.reddit.com/r/datascience/comments/15xtus1/thought_of_using_jupyter_notebooks_in_production/
42,xloadx,,False,1,1692672133.0,,False,15xsisc,False,True,False,t3_15xsisc,1,False,/r/datascience/comments/15xsisc/cant_decide_between_offers_help/,False,0," I am a former business consultant doing a career transition to data. I recieved two offers for data positions and the pay baiscally the same.

\#1 is a BI role in the **Music Industry** where I would be tracking artists performance/sales, building dashboards, writing queries, career studies, market movement and revenue analysis, consumption-based trends, and streams projections.

\#2 is a Data Consultant role for a blue chip **Compliance** company where I would support accounting due diligence using data from public databases, read/develop APIs to collect data for risk models, python automation scripts, writing SQL queries, finding inconsistency in financial data and building dashboards.

\----

\#1 seems to be a nicer industry and environment and more ""business-oriented"", #2 offers more room to grow and learn (data-wise).

I am leaning towards #2 but really worried about being trapped in the Compliance industry and being limited in exit ops in the future. My goal in the long term (at least for now) is working as a Data Scientist somewhere in the future.

Any thoughts?",False,False,datascience,Can't decide between offers - help,0.25,https://www.reddit.com/r/datascience/comments/15xsisc/cant_decide_between_offers_help/
43,inzz33,,False,16,1692666582.0,,False,15xqewu,False,True,False,t3_15xqewu,39,False,/r/datascience/comments/15xqewu/doing_a_phd_but_then_working_entry_level_normal/,False,48,"This will be a long question so I thank anyone that has taken the time to read this.

Background: 

I‚Äôm currently starting to study masters with a considerable interest in pursuing a PhD after my masters. I want to do this as I would like to do some research in implementing ai into healthcare with a different angle. Nonetheless the reason I want to do this is purely a passion. I don‚Äôt see myself becoming a professor or the next lead inventor for chatgpt medical edition. 

The main part: 

With a very brief background I would like to continue saying that while a PhD remains more of a passion based pursuet I will eventually still go into the working world of analytics and hopefully be able to work as a data analyst for a big company. My question really is:

1: how successful is a transition from research to corporate and company‚Äôs thinking your overqualified for the role. I‚Äôve heard from people that phd people are considered overqualified for jobs simply for having a PhD and so they actually find it harder to get work compared to undergrad or masters. 

2: are there any benifits from doing a PhD when it comes to working (i don‚Äôt think so but then again I‚Äôm not in the industry yet) 

3: any advice for fellow PhD students or Dr‚Äôs in regards to doing a PhD in data science and Ai",False,False,datascience,Doing a PhD but then working entry level ‚Äúnormal jobs‚Äù,0.96,https://www.reddit.com/r/datascience/comments/15xqewu/doing_a_phd_but_then_working_entry_level_normal/
44,manda1195,,False,1,1692659899.0,,False,15xnoj7,False,True,False,t3_15xnoj7,1,False,/r/datascience/comments/15xnoj7/como_iniciar_en_data_science/,False,2,"Hola, quiero iniciar en programaci√≥n, y eventualmente trabajar como analista de datos, como debo empezar?

Gracias por sus comentarios",False,False,datascience,Como iniciar en data science?,0.6,https://www.reddit.com/r/datascience/comments/15xnoj7/como_iniciar_en_data_science/
45,xshopx,,False,0,1692656923.0,,False,15xmdfa,False,False,False,t3_15xmdfa,0,False,/r/datascience/comments/15xmdfa/modified_operating_system_vps_antidetect_rdp_and/,False,1,,False,False,datascience,Modified Operating System VPS + AntiDetect + RDP and VNC Access (1 Year) for $50 Only!,1.0,/r/BuyProxy/comments/yd6rx2/modified_operating_system_vps_antidetect_rdp_and/
46,Direct-Touch469,,False,3,1692653893.0,,False,15xl0h3,False,True,False,t3_15xl0h3,4,False,/r/datascience/comments/15xl0h3/this_field_in_a_nutshell/,False,4,"Long video. But insightful. I posted it here because what this guy talks about are things I‚Äôve heard DS complain about in this subreddit. Just love the rant.


https://youtu.be/u9z9KNB1deg",False,False,datascience,This field in a nutshell,0.83,https://www.reddit.com/r/datascience/comments/15xl0h3/this_field_in_a_nutshell/
47,upsampled_videos,,False,0,1692651394.0,,False,15xjucr,False,False,False,t3_15xjucr,0,False,/r/datascience/comments/15xjucr/coloring_infinitly_large_values/,False,1,,False,False,datascience,Coloring infinitly large values,1.0,https://www.youtube.com/watch?v=6tC5GJLCIlo
48,WeOnlyCryAlone,,False,4,1692649153.0,,False,15xisx7,False,True,False,t3_15xisx7,4,False,/r/datascience/comments/15xisx7/how_do_i_move_from_being_an_a_data_scientist_to_a/,False,15,"A=Analytical, B=Builder.
Hi. I moved into data science from data analysis and I've had the title of data scientist for a few years while still doing mostly analysis and very little model building. This is entirely led by what I've been asked to do in an organization that's slowly maturing in data literacy. We've spent years moving decisions off of isolated spreadsheets on managers' desktops.

Now we're maturing under new leadership and the emphasis is on hiring outside experts, building and deploying the models they create, and the role of internal data science is to maintain them. This ""feels"" like ML Ops but I'm no software developer, so this is pretty new territory to me. 

How would you suggest I proceed? Management asked our group to come up with a plan and they'll fund online learning and time, which is pretty sweet.",False,False,datascience,"How do I move from being an ""A"" data scientist to a ""B"" data scientist?",0.83,https://www.reddit.com/r/datascience/comments/15xisx7/how_do_i_move_from_being_an_a_data_scientist_to_a/
49,morepow,,False,1,1692647799.0,,False,15xi6pm,False,True,False,t3_15xi6pm,1,False,/r/datascience/comments/15xi6pm/how_can_i_automate_your_job/,False,1," I've been working on a bunch of different projects lately ‚Äì creating plugins, extensions, and simple apps to simplify different tasks at work. Recently I launched Threesigma.ai, an AI-powered document review tool. It has been doing very well but, I'm curious about what's next. Any thoughts or unique niches you have in mind? Would love to learn how I can help make your job easier. Feel free to DM me ",False,False,datascience,How can I automate your job?,1.0,https://www.reddit.com/r/datascience/comments/15xi6pm/how_can_i_automate_your_job/
50,alliwantforxmasisyou,,False,0,1692646555.0,,False,15xhmmp,False,True,False,t3_15xhmmp,0,False,/r/datascience/comments/15xhmmp/how_are_you_dealing_with_compliance_how_are_your/,False,3,"I have been asked to give some recommendations to compliance professionals, mainly to make them understand more and communicate better with data professionals. The general assumption is that the compliance and data worlds are distant and disconnected from each other. 

Besides the obvious regulatory requirements concerning privacy and security, what do data professionals need to know and prepare for in practice when it comes to compliance?

What would you say to compliance teams to make things flow more easily or efficiently in your organization? What don't they get yet?",False,False,datascience,How are you dealing with compliance? How are your interactions with the legal or internal auditing teams? Does compliance make your job more difficult?,1.0,https://www.reddit.com/r/datascience/comments/15xhmmp/how_are_you_dealing_with_compliance_how_are_your/
51,Silicon-Based,,False,4,1692645728.0,,False,15xh9ee,False,True,False,t3_15xh9ee,4,False,/r/datascience/comments/15xh9ee/how_much_reading_and_writing_does_a_data/,False,3,Having to read and scrutinize 10 different physics papers just to write a single sentence in my own draft is driving me insane. How much reading and writing is a data scientist expected to do on average and how does it compare to academia for those that left it?,False,False,datascience,How much reading and writing does a data scientist do?,0.67,https://www.reddit.com/r/datascience/comments/15xh9ee/how_much_reading_and_writing_does_a_data/
52,flightofeagle,,False,0,1692642085.0,,False,15xfkup,False,True,False,t3_15xfkup,0,False,/r/datascience/comments/15xfkup/looking_for_amazing_people_to_head_our_data/,False,0," 

Hello everyone, we're looking for people with great and rich experience in AI/ML and data engineering for our IT services startup, to be director of our Data Analytics team and head it.

Since we're at a very initial stage of our startup, we won't be able to pay you a fix salary but we'll be paying you a percentage of the payment we receive from the clients, you helped delivering the project to. So, it'll be on commission basis for initial few months until the business becomes stable and then we can have you on fixed base salary.

Anyone whose genuinely interested, please DM me and we can connect to discuss more.",False,False,datascience,Looking for amazing people to head our Data Analytics team!,0.14,https://www.reddit.com/r/datascience/comments/15xfkup/looking_for_amazing_people_to_head_our_data/
53,OpenShape5402,,False,0,1692641930.0,,False,15xfi72,False,True,False,t3_15xfi72,0,False,/r/datascience/comments/15xfi72/sagemaker_pipelines_gitlab_ci/,False,1,"Hey everyone üëãüèª

This is my first time posting here, so I apologise if I am out of place. 

My team is currently utilising SageMaker pipelines to coordinate model training. In the past, we encountered issues where the pipeline was misconfigured during cloud execution, resulting in challenging-to-debug errors üêõ

I've been delving into the idea of using Localstack and SageMaker LocalPipelineSession to execute the pipeline locally prior to deployment on the cloud ‚òÅÔ∏è. I've successfully implemented this on my local machine, using pytest and pytest-bdd to craft integration tests üß™

Building on that success, I've ventured into creating a GitLab CI job that runs these tests upon making a merge request. A peculiar aspect of SageMaker pipelines in a local setup is its reliance on Docker. To address this, I've designed a custom Docker image, enabling installation of Python, my dependencies, Docker, and Docker Compose. The job initialises LocalStack and executes the tests. Nevertheless, running these tests within GitLab has brought about Docker-in-Docker related challenges üê≥ It's been quite a frustrating experience... The SageMaker pipelines run, although unsuccessfully with silent errors ü§´

Given this context (my apologies for the length), I'm seeking advice. Is this approach worthwhile? I find myself going in circles ‚≠ïÔ∏è Could you offer any solutions for running SageMaker pipelines in a CI environment prior to deploying to the cloud? üôãüèª‚Äç‚ôÇÔ∏è Thanks in advance üôèüèº",False,False,datascience,SageMaker pipelines GitLab CI,1.0,https://www.reddit.com/r/datascience/comments/15xfi72/sagemaker_pipelines_gitlab_ci/
54,BigIntroduction4586,,False,1,1692640313.0,,False,15xerhu,False,True,False,t3_15xerhu,3,False,/r/datascience/comments/15xerhu/zimbabwe_2018_election_results_analysis/,False,0," Hello everyone,

I wanted to bring your attention to the upcoming elections in Zimbabwe scheduled for this Wednesday. The past election raised significant concerns due to allegations of unfairness, including claims of collusion between the electoral commission and the ruling party to manipulate results using Excel files, an issue that has been dubbed ""Excelgate.""

Taking a closer look at the available data on the official website, I've stumbled upon some noteworthy findings. These findings have prompted me to write an article on LinkedIn, where I explore how they tie into the broader 'Excelgate' narrative. Additionally, I delve into the steps citizens have been taking to ensure the integrity of their votes during the upcoming election.

For those who are interested, you can read the article and share your perspectives. I'm always open to hearing different viewpoints and engaging in constructive discussions. Here's the link to the article and analysis: [Article](https://www.linkedin.com/pulse/securing-transparent-elections-avoiding-repeat-tadiwanashe-mudzongo) | [Analysis](https://public.tableau.com/views/Zimbabwe2018ElectionResultsAnalysis/Introduction?:language=en-US&:display_count=n&:origin=viz_share_link)

Looking forward to your insights and feedback. Thank you!

&#x200B;

https://preview.redd.it/nap6pxdn4ijb1.png?width=1334&format=png&auto=webp&s=fb743922eb152a0c183172c86f9632112d53c882

https://preview.redd.it/dwy23ydn4ijb1.png?width=1330&format=png&auto=webp&s=a2c4a5154866994146edfeec9bd68be4ab96a487",False,False,datascience,Zimbabwe 2018 Election Results Analysis,0.5,https://www.reddit.com/r/datascience/comments/15xerhu/zimbabwe_2018_election_results_analysis/
55,axescot,,False,17,1692639894.0,,1692730804.0,15xeki2,False,True,False,t3_15xeki2,56,False,/r/datascience/comments/15xeki2/not_getting_noticed_for_data_science_jobs/,False,17,"I am applying to data scientist jobs that I am qualified for, tailoring my resume, and following up with hiring managers with no success. Hiring managers and recruiters don't respond, and some jobs I get rejections right away (next day) even if I am super qualified. I have 3 years experience as a data scientist, experience running predictive models. I would love to join the gaming industry but have experience with healthcare data. Applying to jobs in both industries hasn't produced results. The only thing I can think of is that I completed a degree in creative arts and worked in the video game industry for a couple years. After that I worked in the science field, finished my masters, and got promoted to a data scientist. How can I get my resume noticed?

&#x200B;

EDIT: I am editing this post for anyone who might be browsing and may not want to read all the comments. What I am taking away from this:  the research world that I am in is slower and  measures success differently than the business world that I am applying  to, even if we both use the same data science tools. I haven't been  adapting the way I communicate to the jobs I am applying, which will be a  challenge. 

https://preview.redd.it/8r45b7funjjb1.jpg?width=2040&format=pjpg&auto=webp&s=e08f4f9e61aee55154a89e5d97a0763a5249c3f7",False,False,datascience,Not getting noticed for data science jobs,0.7,https://www.reddit.com/r/datascience/comments/15xeki2/not_getting_noticed_for_data_science_jobs/
56,educhac,,False,0,1692639259.0,,False,15xe9za,True,True,False,t3_15xe9za,0,False,/r/datascience/comments/15xe9za/thoughts_on_this_master_in_data_science/,False,1,"Hey guys! I've been working as a Data Analyst for a year now, using SQL, Excel, and Tableau, and have another year in Business Intelligence. I'd like to dive more into Data Science.  


I was looking at some alternatives that fit my budget and GA Techs OMSA comes up and this particular Master in Data Science from Pontificia Universidad Cat√≥lica de Chile, which is highly ranked, #1 in Latin America, and #104 globally. Link: [https://www.coursera.org/degrees/magister-en-ciencia-de-datos-ucchile](https://www.coursera.org/degrees/magister-en-ciencia-de-datos-ucchile)  


Since it's in Spanish (I'm a Spanish speaker) I will provide some details:  


**Cost**: $10k, up to 25% discount in early application and enrollment. So the cost can decrease to $7500  
**Platform**: Coursera  
**Duration:** 24 months, 22 hours weekly  
**Requirements**: 2 years of work experience in a related area, motivation letter, and vague details on GPA for Bachelors which should be in Data Science, Engineering, Mathematics, Statistics, Basic Sciences, or *other related areas*.  Proficiency in intermediate-level programming. Equivalent to at least an Introduction to Programming MOOC (in Python, R, SQL). Spanish proficiency.  


**Required Courses:**  
Introduction to Programming in Python 

Databases 

Data Analysis in Python 

Introduction to Data Science 

Data Visualization 

Statistical and Computational Learning 

Software Engineering 

Massive Data Processing 

Responsible Data Science 

Time Series

&#x200B;

**Elective Courses**:

Deep Learning 

Recommender Systems 

Image processing 

Applied Statistics 

Bayesian methods 

Social Network Analysis 

&#x200B;

From the FAQ I found these interesting questions: 

  
1.  **Is the program accredited?‚Äé** 

No, since it is not a requirement in Chile. However, the Pontificia Universidad Cat√≥lica de Chile presents the highest accreditation given by the National Accreditation Commission of Chile. 

 2. **Will there be a graduation ceremony?‚Äé** 

Yes, a graduation ceremony will be held remotely and you will receive your physical diploma.   


3. **Can I switch between the online program and in-person?**

 No, since this program does not exist in an  in-person format.   


**4. Are there internships or internships that are part of the program?**

This program, for the moment, does not include student exchanges or internships.

&#x200B;

I would like what your thoughts are. It seems to be good for a very affordable price. I think it's fairly new, started in 2021 or so. I haven't been able to find any reviews from students taking it. I plan to move to the US in \~5 years when I get my residency permit. I guess a Master's from a US University would have more weight? What do you guys think about the coursework? They also like GATech provide a $2000 Micro Master MOOC that you can later transfer. Anyway, let me know what you guys think about this option. Thanks!

&#x200B;

&#x200B;

  
",False,False,datascience,Thoughts on this Master in Data Science,0.57,https://www.reddit.com/r/datascience/comments/15xe9za/thoughts_on_this_master_in_data_science/
57,Mr_Mh0,,False,4,1692638927.0,,False,15xe4fi,True,True,False,t3_15xe4fi,6,False,/r/datascience/comments/15xe4fi/time_well_invested/,False,27,"&#x200B;

[This is perfectly normal, right?](https://preview.redd.it/stup8gi80ijb1.png?width=1800&format=png&auto=webp&s=42ac0e4b97faf316cb9ad4a698187c1e8e2b7afd)",False,False,datascience,Time well invested,0.97,https://www.reddit.com/r/datascience/comments/15xe4fi/time_well_invested/
58,Particular_Prior8376,,False,5,1692636459.0,,False,15xd0go,False,True,False,t3_15xd0go,9,False,/r/datascience/comments/15xd0go/how_to_stand_out_as_a_senior_data_scientist/,False,10,"I have 15 years of experience out which 7 years in data science. Currently I am working as a senior data scientist for an insurance company. Lately I have been trying to switch jobs and seems like the competition is high. I am not getting any call backs.  Can anyone in the community suggest, how in current scenario, one  can have an edge in the job market.",False,False,datascience,How to stand out as a senior data scientist?,0.78,https://www.reddit.com/r/datascience/comments/15xd0go/how_to_stand_out_as_a_senior_data_scientist/
59,BeautifulBlast,,False,1,1692635426.0,,False,15xcjy3,False,True,False,t3_15xcjy3,1,False,/r/datascience/comments/15xcjy3/how_to_transit_backend_developer_to_data_science/,False,0,"I'm working as full time backend developer since 3+ year now, 
I have worked with various types of backend technology like PHP, laravel, python, NodeJS, & javascript obviously,
In terms of database i mostly worked with RDBMS like MySql, postgres, in NoSQL I worked on firebase & little bit worked with mongoDB,  I have good knowledge databases now I wanted to take a career level up to Data science but,

I'm stuck üòî, I didn't understand where to start what would be my first step, I know there are lots of tutorials who provide roadmap but those are for freshers but I want something that I can utilise my existing skills, I really appreciate if anyone share their experience to boost my career",False,False,datascience,How to transit Backend developer to Data science üß™,0.25,https://www.reddit.com/r/datascience/comments/15xcjy3/how_to_transit_backend_developer_to_data_science/
60,Illustrious-Sand-832,,False,0,1692634775.0,,False,15xc9br,False,True,False,t3_15xc9br,0,False,/r/datascience/comments/15xc9br/next_steps_in_academics/,False,4,Hello all! I‚Äôm interested in advancing my career into data science and getting additional academics/certifications behind me to help. I have a BBA in Business Information Systems and currently am a Data Analyst and I‚Äôm debating whether to continue my education and receive a Master‚Äôs degree or to take a dedicated certificate course in Data Science. Any guidance or insight as to which path would be most effective?,False,False,datascience,Next Steps in Academics,1.0,https://www.reddit.com/r/datascience/comments/15xc9br/next_steps_in_academics/
61,Over-Nobody-2421,,False,0,1692634513.0,,False,15xc542,False,True,False,t3_15xc542,0,False,/r/datascience/comments/15xc542/instagram_graph_api/,False,0,"hello everyone, someone know how can I use the Instagram Graph API with Python? I need my organic account creator data..",False,False,datascience,Instagram Graph API,0.33,https://www.reddit.com/r/datascience/comments/15xc542/instagram_graph_api/
62,tripppponic,,False,4,1692634503.0,,False,15xc4xe,False,True,False,t3_15xc4xe,4,False,/r/datascience/comments/15xc4xe/need_to_a_buy_a_new_laptop_macos_vs_windows/,False,0,"Hi all, I'm currently a computational and data science student looking to buy a new laptop asap. I'm torn between which one to get. From reading a number of articles, MacOs seems to be the better choice but a few of my older college friends (who study Information Systems) says that in class the teachers rarely use and teach on MacOs. They say it becomes a problem when ""converting"" what they learned in class on Windows to their Mac. Which do you guys think is the better system? 

Other information: I have always been a Mac user. This semester I am only doing general studies so I haven't had the chance to meet and ask from professors who specialize in data science.",False,False,datascience,Need to a buy a new laptop MacOs vs Windows.,0.33,https://www.reddit.com/r/datascience/comments/15xc4xe/need_to_a_buy_a_new_laptop_macos_vs_windows/
63,sydneysweeney69,,False,1,1692633564.0,,False,15xbpea,False,True,False,t3_15xbpea,2,False,/r/datascience/comments/15xbpea/day_science_interview/,False,1,"Where can I find free materials related to AB testing and what are the core concepts I should know before SQL and EDA, feature engineering and building models ?
Thank you",False,False,datascience,Day Science Interview,0.67,https://www.reddit.com/r/datascience/comments/15xbpea/day_science_interview/
64,thelostknight99,,False,3,1692633016.0,,False,15xbgth,False,True,False,t3_15xbgth,12,False,/r/datascience/comments/15xbgth/google_data_scientist_interview/,False,1,"Hi all, I was contacted by a Google recruiter. I have 7 years of experience in DS (Amazon + 2 startups, currently in a startup). I wanted to know what kind of rounds I can expect with this level of experience.

Thanks!",False,False,datascience,Google Data Scientist interview,0.57,https://www.reddit.com/r/datascience/comments/15xbgth/google_data_scientist_interview/
65,HaplessOverestimate,,False,11,1692631856.0,,False,15xayaf,False,True,False,t3_15xayaf,52,False,/r/datascience/comments/15xayaf/finally_moving_up_in_the_world/,False,229,"I'm using the harmonic mean at work. I was worried that my data analyst job wouldn't prepare me to move into a data science role, but now I see that I'm learning the fundamentals here and soon I'll have a great base to work from.",False,False,datascience,Finally Moving up in the World...,0.93,https://www.reddit.com/r/datascience/comments/15xayaf/finally_moving_up_in_the_world/
66,Dangerous_Hearing_34,,False,5,1692628911.0,,False,15x9msh,False,True,False,t3_15x9msh,9,False,/r/datascience/comments/15x9msh/edward_tufte_best_book/,False,11,"I just bought a Four-Set of Edward Tufte's books ($20 on Ebay :) :

1. [Visual display of quant. info](https://www.edwardtufte.com/tufte/books_vdqi)
2. [Envisioning info](https://www.edwardtufte.com/tufte/books_ei)
3. [Visual explanations](https://www.edwardtufte.com/tufte/books_visex)
4. [Beautiful Evidence](https://www.edwardtufte.com/tufte/books_be)

Soooo, What book do you think is the BEST?

*Can't wait to jump into them!*",False,False,datascience,Edward Tufte: Best book?,0.92,https://www.reddit.com/r/datascience/comments/15x9msh/edward_tufte_best_book/
67,cedar_mountain_sea28,,False,3,1692628256.0,,False,15x9c5s,False,True,False,t3_15x9c5s,10,False,/r/datascience/comments/15x9c5s/oval_shaped_cluster_visualization/,False,4,"I was running some tests on a dataframe of costumer information. I have applied PCA and then passed the dataframe into dimensionality reduction using t-SNE (perplexity set to 30).  
I applied k-means and went on to visualize the clusters and got the following clusters which I found to be oddly shaped. Searched aroud the web and bit and it was said that apparently it might be the result of heavy correlation between all the different features.  
The visualization is the following:  


[K-means cluster of the different types of costumers.](https://preview.redd.it/56prlmkr2hjb1.png?width=490&format=png&auto=webp&s=bd209c37b76078b8cbcb56b91004f4bbe0bc75d5)

Is it normal to have such clustering, shaped as an oval? If so, can someone help me in interpreting why my clusters look as such when visualizing.",False,False,datascience,Oval shaped cluster visualization,0.84,https://www.reddit.com/r/datascience/comments/15x9c5s/oval_shaped_cluster_visualization/
68,Efficient-Ad9856,,False,3,1692628209.0,,1692629049.0,15x9bbh,False,True,False,t3_15x9bbh,11,False,/r/datascience/comments/15x9bbh/data_science_in_finance_vs_data_science_in_tech/,False,1,"Hello all, I am looking into both of these fields for potential career path. I have some question in mind and would really appreciate you insights on this matter, thanks. Is Data science in finance is just quant? What does Data scientist in finance do? What does Data scientist in tech do?  What is the difference between tech Data Scientist and finance Data Scientist? Thank you.",False,False,datascience,Data science in finance vs data science in tech.,0.67,https://www.reddit.com/r/datascience/comments/15x9bbh/data_science_in_finance_vs_data_science_in_tech/
69,Adorable_Compote4418,,False,0,1692625263.0,,False,15x80s0,False,True,False,t3_15x80s0,0,False,/r/datascience/comments/15x80s0/analytical_system_and_scope_creep/,False,1,"I'm having a debate with my soon-to-be partner about the goal/ambition of my (our) project and I'm seeking external opinion.  


TL:DR. I'm building an analytical platform to offer prediction and information to decision maker to run their business better and increase profit. A friend is impress by what I have setup and want to join me. He say that retail industries reporting and sales visualization is terrible and we could offer better visualization and reporting. Initially agree that we could work together. He kept wanting to retrofit retail industries software reporting into my platform and say it should be the initial goal. I strongly disagree since I say it's not the goal of my platform and I don't believe there's much money to be made by offering yet another Power BI. While I will be offering visualization for forecasting, trend, prediction, my goal is WHAT WILL HAPPEN based on WHAT HAPPENED. It's not to show a up to the pennies/quantity how much money they made yesterday and having them use this to generate report for invoice, billing and else. I want my future user to use my platform to understand trend, customer behavior, seasonality. By selling my platform as an investment and a tool (that replace bias humans) I'm able to charge a lot more than basic visualization which will enable me to invest heavily into R&D to further improve the quality of my prediction (I'm expecting a pay roles of 1M$ for statistician, behavioral psychologist, marketing/ads expert, math graduate and else)  . He say we could do both and that what customer want right now (yet another nice looking dashboard). But I strongly disagree that combining both is the things to do for the following reason:  


\-If I show them the visualization and the prediction/forecasting (what they want vs what they need), they won't understand the pricing and ask me well I don't need forecasting we do it ourselves,  just give us the visualization. I feel this will most likely cannibalize my product.  
\-By offering a visualization you are again seen as a administrative expense. I will have a hard time justifying the pricing of my platform against a Power BI/Tableau for peoples that don't understand yet the importance of prediction and forecasting.  


I feel like we are just seeing things differently and have fundamental difference. He work with client and want to offer what they ask so he can do money right away and reduce risk. I'm an entrepreneur, I'm building something they don't presently request (because they have no idea it remotely possible) and I'm willing to face difficulty and challenge.  


&#x200B;

Context if peoples are interested:  


I've been working in IT for the past 15 years in different roles (support, integration, cybersecurity, business analyst, it analyst, sql,...) mainly revolving around the retail industries. After noticing the lack of real analytics and seeing decision maker using always the same old inaccurate prediction, I had the idea 7 years ago to offer real analytics to the retail market. The idea has been brewing in my head ever since. All the features that I wanted were documented and research by me and I have a clear vision of what I see as the future.  


Now: unable to find a developer to partner with me and with the arrival of ChatGPT, I started a few months ago to build the necessary skills to reach my goal. I learned Python, pandas, started to build models on existing data, identify/develop/implement my future software architecture. I now have a fully functional lab with Apache Sparks/Hive on Yarn/Hdfs cluster, gpu cluster for Nvidia Rapids processing, Kafka for real-time streaming from customer site, and blablabla, Apache Superset/Dash Plotly web service for visualization.  
",False,False,datascience,Analytical system and scope creep.,1.0,https://www.reddit.com/r/datascience/comments/15x80s0/analytical_system_and_scope_creep/
70,metal_tangerine,,False,2,1692624890.0,,False,15x7v4c,False,True,False,t3_15x7v4c,17,False,/r/datascience/comments/15x7v4c/what_are_some_good_online_ms_data_science/,False,1,Are there any options?,False,False,datascience,"What are some good online M.S. Data Science programs, that cost 10k or less?",0.57,https://www.reddit.com/r/datascience/comments/15x7v4c/what_are_some_good_online_ms_data_science/
71,Embarrassed_Sky_yes,,False,1,1692624400.0,,False,15x7ns1,False,True,False,t3_15x7ns1,1,False,/r/datascience/comments/15x7ns1/help_with_derivation_of_mse_regression/,False,2,"[https://ibb.co/x2q5WM1](https://ibb.co/x2q5WM1)

In the above: The solution that ""follows"" clearly doesn't follow at all, can anyone explain what on earth has happened? How can ""algebra"" introduce a bunch of summations and means in this way? 

&#x200B;

In addition, there are 2 coefficients to find, but only one independent equation since the second one is simply ""x times"" the first.",False,False,datascience,Help with derivation of MSE regression coefficients,1.0,https://www.reddit.com/r/datascience/comments/15x7ns1/help_with_derivation_of_mse_regression/
72,loverboi24333,,False,5,1692624322.0,,1692632659.0,15x7mnx,False,True,False,t3_15x7mnx,14,False,/r/datascience/comments/15x7mnx/should_i_major_in_applied_statistics_or_computer/,False,0,UPDATE: Decided on stats major + minor in comp sci. thank u guys.,False,False,datascience,Should I major in Applied Statistics or Computer Science for Data science?,0.5,https://www.reddit.com/r/datascience/comments/15x7mnx/should_i_major_in_applied_statistics_or_computer/
73,Hot_Map_7868,,False,0,1692622972.0,,False,15x734w,False,False,False,t3_15x734w,0,False,/r/datascience/comments/15x734w/an_overview_of_testing_options_for_dbt/,False,0,,False,False,datascience,An Overview of Testing Options for dbt,0.5,https://datacoves.com/post/dbt-test-options
74,bfadh,,False,2,1692615415.0,,False,15x4ajq,False,True,False,t3_15x4ajq,3,False,/r/datascience/comments/15x4ajq/customer_churn_risk_modeling/,False,0,"How can I approach churn risk modeling for a non-contractual company in the absence of a clear churn definition? How do I determine the risk of them leaving if their interactions decline within a time frame? High freq customers might leave if they are not showing up within short time period, on the other hand, low-frequency customers might return over a longer period. I've considered survival analysis, but without a definite 'death' event it is ambigous. Also, the customer lifetime approach doesn't accommodate covariates at the individual customer level. I'd like to display a probability over time for better explainability, so I'm uncertain if a classification approach is suitable here (like labeling churn if no interaction within a defined time period). Any suggestions?",False,False,datascience,Customer Churn risk modeling,0.5,https://www.reddit.com/r/datascience/comments/15x4ajq/customer_churn_risk_modeling/
75,Fluid-Improvement-84,,False,13,1692612985.0,,False,15x3i3x,False,True,False,t3_15x3i3x,13,False,/r/datascience/comments/15x3i3x/create_a_roadmap_for_the_next_5_years/,False,50,"My boss told me to draw up a roadmap for the next five years. My ""team"" consists of me, one person. I am responsible for everything related to data analytics (tech stack and current tasks: Azure databricks and some services, PBI, some ML/Predictive, rarely DL, some SQL, some Power Apps/Power Automate, maybe Excel, GIT/GitHub and so on...). Nothing too spectacular.

Usually people from other departments come up to me and want me to help them with a data solution. these are often team or department heads or normal employees.

I'm a bit overwhelmed with this task creating a roadmap. How are you positioning yourself for the next five years? What should be considered?

I don't want to increase the headcount just yet. Maybe in a year or two. What else could be done? 

Basically, it's about collecting the low hanging fruits and creating profitable data solutions for internal customers.",False,False,datascience,Create a roadmap for the next 5 years,0.93,https://www.reddit.com/r/datascience/comments/15x3i3x/create_a_roadmap_for_the_next_5_years/
76,Thinker_Assignment,,False,1,1692611431.0,,False,15x2zy4,False,True,False,t3_15x2zy4,1,False,/r/datascience/comments/15x2zy4/declarative_loading_straight_to_aws_athena_glue/,False,6,"# dlt is the first open source declarative python library for data loading and today we add Athena destination!

Under the hood, dlt will take your semi structured data such as json, dataframes, or python generators, auto converts it to parquet, load it to staging and register the table in glue data catalog via athena. Schema evolution included.

Example:

    import dlt
    
    # have data? dlt likes data.
    # Json, dataframes, iterables, all good
    data = [{'id': 1, 'name': 'John'}]
    
    # open connection
    pipe = dlt.pipeline(destination='athena',
                        dataset_name='raw_data')
    
    # self-explanatory declarative interface
    job_status = pipe.run(data,
                          write_disposition=""append"",
                          table_name=""users"")
    
    pipe.run([job_status], table_name=""loading_status"")

[About dlt principles](https://dlthub.com/product/)

[Intro ](https://dlthub.com/docs/intro)

[Docs](https://dlthub.com/docs/intro)

[Docs for Athena/Glue catalog here](https://dlthub.com/docs/dlt-ecosystem/destinations/athena) (also redshift is supported)Make sure to `pip install -U dlt==0.3.11a1` the pre release, the official release is coming Monday.

Want to discuss and help steer our future features? [üåüüåüJoin the slack community!üåüüåü](https://join.slack.com/t/dlthub-community/shared_invite/zt-1slox199h-HAE7EQoXmstkP_bTqal65g)",False,False,datascience,Declarative loading straight to AWS Athena/ Glue Data Catalog - new dlt destination,1.0,https://www.reddit.com/r/datascience/comments/15x2zy4/declarative_loading_straight_to_aws_athena_glue/
77,Fresh_Information_87,,False,2,1692611251.0,,False,15x2xwg,False,True,False,t3_15x2xwg,2,False,/r/datascience/comments/15x2xwg/analyzing_a_survey_dataset_that_includes_both/,False,3," How would you cluster and analyze a survey dataset that includes both multiple-choice answers and open-text responses, i have heard it can be a challenge and im not exactly sure how to go by it ",False,False,datascience,Analyzing a survey dataset that includes both multiple-choice answers and open-text responses,1.0,https://www.reddit.com/r/datascience/comments/15x2xwg/analyzing_a_survey_dataset_that_includes_both/
78,madhav1113,,False,0,1692595945.0,,False,15wybwf,False,True,False,t3_15wybwf,0,False,/r/datascience/comments/15wybwf/seriousrigorous_study_of_generative_ai/,False,3,"Hi everyone,

I understand that Generative AI is kinda hot right now and a lot of companies want people who're skilled at it (even if they don't need any generative AI). As a data scientist and an ML practitioner, I am interested in studying gen AI rigorously. I have a fair bit of background in probability, statistics, random processes and basic ML/DL (CNNs, RNNs, LSTMs and attention mechanisms). I've done some work with GANs a few years ago but not a lot. I would like to study generative AI rigorously, understand the advantages and limitations of these models and try to come up to speed with the SOTA results in the field. Any sources or pointers?

P.S- I **don't want** a hand-wavy, superficial understanding of LLMs or diffusion models or other models in generative AI. 

Thanks",False,False,datascience,Serious/Rigorous study of generative AI,0.67,https://www.reddit.com/r/datascience/comments/15wybwf/seriousrigorous_study_of_generative_ai/
79,Dependent-Project-40,,False,2,1692594855.0,,False,15wxzob,False,True,False,t3_15wxzob,3,False,/r/datascience/comments/15wxzob/what_is_best_for_clustering_a_dl_approach_or_ml/,False,3,"I have huge features space with lots of mix , numerical and categorical features having lots of sparse data. I don't know how to approach and interpret these . Also have a target feature and want to see how the cluster centroids lie on top of this features aka distribution",False,False,datascience,"What is best for Clustering, a DL approach or ML ?",0.71,https://www.reddit.com/r/datascience/comments/15wxzob/what_is_best_for_clustering_a_dl_approach_or_ml/
80,Guyserbun007,,False,1,1692592799.0,,False,15wxbj7,False,True,False,t3_15wxbj7,1,False,/r/datascience/comments/15wxbj7/are_there_subsections_of_leetcode_data_scientists/,False,7,"I have a data scientist/machine learning engineer interview coming up from a company that focuses on financial risk analytics using stats and ML/AI/simulations. I was told the next round of interview involves leetcode type questions (i.e., data structure and algorithm), along with ML concept questions. 

I haven't really practiced leetcode before, and some of the specific categories seem pretty hard to grasp or apply as a DS (For example, do I need to be good at DFS/BFS, backtracking, memoization, etc?). Are there any specific sub-categories I should focus on that will maximize my chance given the short amount of available prep time?

The followings are the screenshot of the subcategories of leetcode questions.

https://preview.redd.it/z4tph1c37ejb1.png?width=987&format=png&auto=webp&s=8ba85fbe75eabda8a3f5a591b294a0df797e5ad9",False,False,datascience,Are there subsections of LeetCode data scientists should focus for DS interview?,0.7,https://www.reddit.com/r/datascience/comments/15wxbj7/are_there_subsections_of_leetcode_data_scientists/
81,AutoModerator,,False,22,1692590485.0,,False,15wwk5t,False,True,False,t3_15wwk5t,53,False,/r/datascience/comments/15wwk5t/weekly_entering_transitioning_thread_21_aug_2023/,False,5," 

Welcome to this week's entering & transitioning thread! This thread is for any questions about getting started, studying, or transitioning into the data science field. Topics include:

* Learning resources (e.g. books, tutorials, videos)
* Traditional education (e.g. schools, degrees, electives)
* Alternative education (e.g. online courses, bootcamps)
* Job search questions (e.g. resumes, applying, career prospects)
* Elementary questions (e.g. where to start, what next)

While you wait for answers from the community, check out the [FAQ](https://www.reddit.com/r/datascience/wiki/frequently-asked-questions) and Resources pages on our wiki. You can also search for answers in [past weekly threads](https://www.reddit.com/r/datascience/search?q=weekly%20thread&restrict_sr=1&sort=new).",False,True,datascience,"Weekly Entering & Transitioning - Thread 21 Aug, 2023 - 28 Aug, 2023",1.0,https://www.reddit.com/r/datascience/comments/15wwk5t/weekly_entering_transitioning_thread_21_aug_2023/
82,bingbong_sempai,,False,22,1692590383.0,,False,15wwiq5,False,False,False,t3_15wwiq5,129,False,/r/datascience/comments/15wwiq5/ngl_theyre_all_great_tho/,False,761,,False,False,datascience,Ngl they're all great tho,0.96,https://i.redd.it/auxioqprzdjb1.jpg
83,lyovrnnn,,False,2,1692583502.0,,False,15wu2lw,False,True,False,t3_15wu2lw,2,False,/r/datascience/comments/15wu2lw/remote_anywhere_jobs/,False,0,"I'm looking to get into data analysis, I know what I need to study and what I need to do for my portfolio. I was researching the job market and there are not many positions available where I'm located. I was wondering if there are remote jobs available in the field. Does your company hire people from outside the country they're based in? if you have a remote job, how did you get it? where do you search for remote anywhere jobs?",False,False,datascience,Remote Anywhere Jobs,0.5,https://www.reddit.com/r/datascience/comments/15wu2lw/remote_anywhere_jobs/
84,FewStruggle,,False,1,1692577414.0,,False,15wrt9v,False,True,False,t3_15wrt9v,4,False,/r/datascience/comments/15wrt9v/managerial_level_continuing_education/,False,5,I currently manage a data science team; have been in analytics/DS for 12+ years - looking for a course/cert. aimed at managers in DS,False,False,datascience,Managerial level continuing education?,1.0,https://www.reddit.com/r/datascience/comments/15wrt9v/managerial_level_continuing_education/
85,LardyParty,,False,3,1692574318.0,,False,15wqmku,False,True,False,t3_15wqmku,6,False,/r/datascience/comments/15wqmku/seeking_careereducation_advice/,False,9,"I'm kind of at a crossroads professionally and I wonder if anyone else has been in a similar situation. I want to become a data engineer or architect. I don't have a heavy tech background. This probably a lot of personal information but it's all public on LinkedIn anyway. I currently work as a data analyst but I have a BA in Logistics Management, MS in supply chain, my MBA at Syracuse University is about 75% done but has a concentration in Business Analytics. I have PMP and CSCP certifications but nothing related to data science or engineering. I recently added a Graduate Certificate in DS to my degree plan at Syracuse but I'm not sure how much I'll gain from it.

To make this career change, would any of you recommend dropping my MBA and just pursuing a DS or DE Masters program 100%, or staying with the path that I'm on an pursuing a self-taught route?

Are there any real legitimate learning paths or certifications? I'm so overwhelmed with everyone's ""guaranteed learning path"" or overpriced 44 week bootcamps, YouTube influencers telling you to learn or not to learn certain things. I find it hard to filter through the BS and I can't tell what I actually need to know. I want to learn but I just don't know what to study.

TLDR: I want to become a data engineer but I don't know where to get the education and training. How did you do it?",False,False,datascience,Seeking Career/Education Advice,1.0,https://www.reddit.com/r/datascience/comments/15wqmku/seeking_careereducation_advice/
86,Interesting_Passion,,False,6,1692573632.0,,False,15wqcr5,False,True,False,t3_15wqcr5,17,False,/r/datascience/comments/15wqcr5/what_gpu_should_i_buy_for_statistical_computation/,False,0,"Dear all:

I'm in the early stages of planning a project using bayesian statistical models that might benefit from a GPU. I'm looking for any advice / pointers on what hardware I should consider. 

The project is more beefy than what I would run on a PC, but significantly less than some of the ML/AI projects that get pushed to the cloud. Based on conversations with peers, these models can take a few days to run, so I'm looking to build a dedicated server for the job. The specific library I'm considering (STAN) already has [built in support for GPU processing](https://mc-stan.org/cmdstanr/articles/opencl.html). So the issue comes down to hardware. As I understand it (I barely do), that library supports GPUs with OpenCL (e.g. NVIDIA).

* Should I be looking at GPUs specific to computation? Or, am I looking at gaming GPUs?
* I understand that GPU memory is more relevant that the number of cores. Are there other variables I should focus on?
* Based on what's currently available in the market, is it worth it to spend money on a better GPU? Or go with the cheapest? I understand that GPUs sometimes scale inefficiently. I wonder if most of the benefit comes from the initial hurdle of pushing to a GPU, with much fewer benefit of scale thereafter. 

Specific recommendations are great, but I'm more interested in how to think through this from the perspective of a data scientist. I'm happy to consider other subreddits if there's one that might be a better fit for my question.",False,False,datascience,What GPU should I buy for statistical computation?,0.5,https://www.reddit.com/r/datascience/comments/15wqcr5/what_gpu_should_i_buy_for_statistical_computation/
87,hamza3050,,False,3,1692573626.0,,False,15wqcoh,False,True,False,t3_15wqcoh,12,False,/r/datascience/comments/15wqcoh/current_job_market/,False,0,"\*\*\*\*\* all advices are appreciated \*\*\*\*\*  
 **About me**: I(**20 M**) live in Egypt and I am a third-year university student studying computer science. I am pursuing a 14-month program in data science alongside my studies.

**My goal: is** to secure a data science job as quickly as possible, ( remote ).

**My plan: is** to master the required skills such as Python, data visualization, SQL, etc., and undertake numerous projects. After that, I intend to secure an internship.

**My inquiry:** I am concerned about the current job market situation and need to know if any changes to my plan are required. Do I need to undertake additional steps or consider pursuing another career, such as software engineering or cybersecurity?",False,False,datascience,Current Job Market,0.36,https://www.reddit.com/r/datascience/comments/15wqcoh/current_job_market/
88,Apprehensive-Ad-6161,,False,21,1692572524.0,,False,15wpwru,False,True,False,t3_15wpwru,40,False,/r/datascience/comments/15wpwru/ds_in_crime_prevention/,False,18,"I became interested in Data Science and analytics after researching the efforts to use predictive analytics in crime prevention. I have reached out to several intelligence analysts who work in large police departments and found that the majority are just mapping crimes and generating reports. Does anyone here know of efforts to actually use crime data to predict when, where, and who will commit crimes? I have found a lot of case studies but no actual usage aside from the early 2000s projects. ",False,False,datascience,DS in crime prevention,0.78,https://www.reddit.com/r/datascience/comments/15wpwru/ds_in_crime_prevention/
89,N-mecy890413br0-6191,,False,0,1692569162.0,,False,15wojrc,False,False,False,t3_15wojrc,0,False,/r/datascience/comments/15wojrc/formula/,False,0,"*.finance; this formula:

 =FILTER(INDEX(GoogleFinance(""gbpusd"",""price"",(E$4)),,2)*(E23),INDEX(GoogleFinance(""gbpusd"",""price"",(E$4)),,2)<>""Close"")+(E22+E24)",True,False,datascience,*.formula,0.33,https://imgur.com/a/peQHvKL
90,Mammoth-Radish-4048,,False,2,1692568393.0,,False,15wo7gp,False,False,False,t3_15wo7gp,4,False,/r/datascience/comments/15wo7gp/feature_importance_for_categorical_variables/,False,2,,False,False,datascience,"""Feature Importance"" for categorical variables",1.0,/r/AskStatistics/comments/15v2z2q/feature_importance_for_categorical_variables/
91,St0nksGoDown,,False,4,1692568373.0,,False,15wo75d,False,True,False,t3_15wo75d,4,False,/r/datascience/comments/15wo75d/how_do_you_store_historical_stock_data_in_sql_via/,False,3,"I am willing to deepen my stock analysis within an personalised GUI (for me) and I want to store relevant stock data extracted from yfinance into a local database. 

Now I am thinking about how to organize my database. I am specifically talking about storing all historical data into one table and assign the ticker symbol as a column or creating for every ticker symbol a new table and just name the table with the symbol. 

So basically, everything in one table or thousands of tables.. 
Do anyone of you guys has practical experience and can report about advantages or disadvantages? 

Thanks a lot!",False,False,datascience,How do you store historical stock data in SQL via Python and yfinance?,0.67,https://www.reddit.com/r/datascience/comments/15wo75d/how_do_you_store_historical_stock_data_in_sql_via/
92,MeringueOk9172,,False,1,1692566420.0,,False,15wnd23,False,True,False,t3_15wnd23,2,False,/r/datascience/comments/15wnd23/could_anyone_provide_their_thoughts_on_this_uconn/,False,2,"I'm a mechanical engineer in my mid-20's and am considering a transition to the field of data science, namely by pursuing a Master's program. The program that has caught my interest the most is this one from UConn ([https://masterofengineering.uconn.edu/study-abroad/data-science-engineering-study-abroad-internship/](https://masterofengineering.uconn.edu/study-abroad/data-science-engineering-study-abroad-internship/)). 

I would appreciate if anyone could take a look at the classes offered and give any thoughts on the quality of the program, based solely on the class names because there aren't syllabi available online for them. I know from browsing this subreddit that DS Master's have the tendency to not prepare students for stats, algorithms, and coding side of the job, especially when students don't have a background in mathematics or computer science. Coming from engineering I have experience with math and coding, but surely not to the extent of people who have undergraduate degrees in those fields. The main draw of this program is that they set you up with a six month internship in a data science role in London, and I figured that would be an excellent way to guarantee practical work experience (as well as a guaranteed way to live and work abroad for awhile). 

I've been doing a lot of back and forth on this, and figured even two sentences of feedback from someone who actually knows the industry would be better than two more weeks of my own spiraling.

Thank you!",False,False,datascience,Could anyone provide their thoughts on this UConn DS Master's program?,1.0,https://www.reddit.com/r/datascience/comments/15wnd23/could_anyone_provide_their_thoughts_on_this_uconn/
93,Bustin_Cider_,,False,12,1692559176.0,,1692568794.0,15wk84j,False,True,False,t3_15wk84j,20,False,/r/datascience/comments/15wk84j/how_hard_is_it_to_get_your_company_to_pay_for/,False,11,"Majoring in CS and DS at Top 15 CS School. 

I‚Äôm between going into SWE or DS. I think I like DS more but I don‚Äôt wanna pay for the masters. 


What are the chances of getting an internship in Data Science and receiving a return offer where they will pay for your master? 

Also ik this is talked about a lot, but how low are the chances to get a DS internship without a master? ( my friend got one at JPM, but they just started only doing masters the year after. Lucky bastard)

EDIT: Thanks for all the advice guys!",False,False,datascience,How hard is it to get your company to pay for your master?,0.74,https://www.reddit.com/r/datascience/comments/15wk84j/how_hard_is_it_to_get_your_company_to_pay_for/
94,latobidayz,,False,0,1692558806.0,,False,15wk2ej,False,True,False,t3_15wk2ej,0,False,/r/datascience/comments/15wk2ej/eku_ile_oo_greetings_in_yoruba_language_i_am_new/,False,0,,False,False,datascience,"Eku ile oo. (Greetings in Yoruba Language). I am new to this community, kindly welcome me with love",0.31,https://www.reddit.com/r/datascience/comments/15wk2ej/eku_ile_oo_greetings_in_yoruba_language_i_am_new/
95,save_the_panda_bears,,False,3,1692557040.0,,1692557541.0,15wjb5j,False,True,False,t3_15wjb5j,3,False,/r/datascience/comments/15wjb5j/happy_rdatascience_1000000_subscriber_day/,False,11,We did it. Hooray,False,False,datascience,"Happy /r/datascience 1,000,000 subscriber day",0.87,https://www.reddit.com/r/datascience/comments/15wjb5j/happy_rdatascience_1000000_subscriber_day/
96,SeriouslySally36,,False,32,1692555309.0,,False,15wikus,False,True,False,t3_15wikus,69,False,/r/datascience/comments/15wikus/data_scientist_working_for_government_andor_big/,False,68,"""Reality is often disappointing.""

Or something.",False,False,datascience,"Data Scientist working for Government and/or Big Business, what do you think when people say stuff like ""THEY have our data! Who knows what nefarious things they're doing with it!"" ?",0.89,https://www.reddit.com/r/datascience/comments/15wikus/data_scientist_working_for_government_andor_big/
97,WarbossPepe,,False,6,1692552198.0,,False,15wh8m2,False,True,False,t3_15wh8m2,11,False,/r/datascience/comments/15wh8m2/how_do_i_get_experience_using_data_science_tools/,False,5,"It seems like most jobs applying for, whether data analyst or data science roles, require some level of experience with anything Apache (Beam, Airflow, etc), warehousing tools, Terraform, AWS, etc.

I've experience with common programming languages like Python, JS, and SQL, worked with Tableau too, but how would i develop a portfolio/project with the tech stack most companies are asking for?",False,False,datascience,"How do i get experience using data science tools, without previous employment?",0.67,https://www.reddit.com/r/datascience/comments/15wh8m2/how_do_i_get_experience_using_data_science_tools/
98,Available-Sea2035,,False,19,1692549395.0,,False,15wg1rk,False,True,False,t3_15wg1rk,26,False,/r/datascience/comments/15wg1rk/will_employers_value_my_research_papers_over/,False,18,"I‚Äôm currently taking my Bachelor‚Äôs Degree in Computer Science, and I was thinking if my time is best spent on working on an internship or writing a research paper if I want to enter the DS field. (Ik competition is tough as a fresh grad, so I want to work on something I can use for my resume).

I have the option to take a course that requires us to produce a research paper by the end of the sem (The course is Applied Statistics, focused on Time Series Analysis, so I assume they want something related to that). There‚Äôs no guarantee that my paper will be published, so I don‚Äôt think employers would value an unpublished paper. I was thinking of taking an internship for work experience, since I already have a different research paper set to publish next month. However, I‚Äôll most likely end up in an internship that is nowhere close to DS.

‚Ä¶or is there something else I can do that‚Äôs more worth my time?

P.S. I can‚Äôt do both, it would cost my sanity.",False,False,datascience,Will employers value my research papers over internships taken?,0.78,https://www.reddit.com/r/datascience/comments/15wg1rk/will_employers_value_my_research_papers_over/
99,CuriousTasos,,False,22,1692536382.0,,False,15wasa1,False,True,False,t3_15wasa1,82,False,/r/datascience/comments/15wasa1/my_work_published_without_my_name_need_your_advice/,False,198,"This is probably something that has been discussed a lot. However, I want to share my story and get your feedback. 

A few years ago, I was part of an unofficial research group. No contracts or any type of payment was involved. The lead of the group was a university professor. 

During that period, a colleague and I worked on a project with a case study of a prediction model. My colleague did the machine learning model and I designed the architecture and developed a platform that consumed the model and provided results and visualisations. 

We submitted it to a competition as a group but we didn‚Äôt get the first place. 

Fast forward. I am in industry now and don‚Äôt have plans to return to academia. Found out that a few months ago, that work got published in a journal with Author 1: my colleague, Author 2: the professor and Author 3 someone external that never worked on it. 

I was never asked about it. Author 1 said that he tried to include me but Author 2 was against it since I am not part of the group anymore. There are other dependencies between the two and he didn‚Äôt want to push it more. 

It‚Äôs not an innovation or an impressive work. I never thought of publishing it. However I feel cheated. 

The code of the platform is in my personal gitlab and I have mail communications explaining to others how to install and use it. 

I don‚Äôt want to create any issue to author 1. But how do you think I should handle this? I only ended up mentioning in the acknowledgement section.",False,False,datascience,My work published without my name. Need your advice,0.96,https://www.reddit.com/r/datascience/comments/15wasa1/my_work_published_without_my_name_need_your_advice/
