name,comment_karma,link_karma,created_utc,is_mod,is_gold,has_verified_email,profile_subreddit,subscribers
imoutidi,1786,8917,1492280401.0,True,False,True,t5_98gik,0
TheRealBaele,330,514,1624128597.0,False,False,True,t5_4ms0yy,0
NerdyMcDataNerd,1420,158,1713135899.0,False,False,True,t5_bb353z,0
No-Giraffe-4877,1,1,1749302444.0,False,False,True,t5_emxf9e,0
vonWitzleben,78230,460,1318346750.0,False,False,True,t5_bof2l,0
Efficient_Role607,5,12,1752152400.0,False,False,True,t5_ewb011,0
fenrirbatdorf,2342,4326,1627488626.0,False,False,True,t5_4tlar3,0
optimization_ml,8796,228,1612366785.0,False,False,True,t5_3w7eo9,0
NYC_Bus_Driver,207,22,1754628970.0,False,False,True,t5_f4enys,0
koolaidman123,53599,16783,1315359986.0,True,False,True,t5_1zmc4g,0
oddoud,0,1,1613969189.0,False,False,True,t5_40289y,0
Atleast-legal,13,1,1673907848.0,False,False,True,t5_7s0izu,0
QianLu,17736,642,1468300567.0,False,False,True,t5_eif5j,0
EstablishmentHead569,472,491,1604636504.0,False,False,True,t5_3d3g66,0
Factitious_Character,5401,33,1719118799.0,False,False,True,t5_bswumg,0
codechisel,969,1,1485546281.0,False,False,True,t5_amhar,0
webbed_feets,40563,3166,1358636563.0,False,False,True,t5_aq7qr,0
vornamemitd,18556,1713,1546012065.0,False,True,True,t5_tl5uk,0
ButtFlannel69,512,9,1602774126.0,True,False,True,t5_39ekb8,0
TserriednichThe4th,16888,94,1720404992.0,False,False,True,t5_bwtdcm,0
alpinecomet,2802,10,1729509661.0,False,False,True,t5_cq2jl4,0
WritingLazy5900,81,504,1692577500.0,False,False,True,t5_95bokn,0
Maximum_Perspective3,99,6,1603667519.0,False,False,True,t5_3b6152,0
ciaoshescu,2243,398,1294781567.0,False,False,True,t5_ekbed,0
mydogismylawyer,-4,1,1753892690.0,False,False,True,t5_f21r3a,0
telperion101,277,663,1478197229.0,False,False,True,t5_anvwd,0
Mobile_Scientist1310,565,60,1663810789.0,False,False,True,t5_72shtv,0
DFW_BjornFree,3161,18,1728524817.0,False,False,True,t5_cn3247,0
Flat-Information6709,4,1,1730777899.0,False,False,True,t5_ctwyy5,0
ddofer,3492,305,1162327875.0,False,False,True,t5_aqri6,0
CycoPie,1656,767,1503200805.0,False,False,True,t5_88agr,0
Weary_Particular_963,56,34,1744838622.0,False,False,True,t5_e7jqon,0
garden-snail,1012,198,1567797883.0,False,False,True,t5_24ec5c,0
CIA-chat-bot,83,1,1756782133.0,False,False,True,t5_fbpi0x,0
tongEntong,14,39,1704260739.0,False,False,True,t5_ahivhq,0
Drakkur,13719,13,1354551660.0,False,False,True,t5_edtqt,0
Single_Vacation427,323708,2,1680200529.0,False,False,True,t5_8527qa,0
Bear4451,361,1,1354987331.0,False,False,True,t5_eqiud,0
Orobayy34,6823,13,1626179212.0,False,False,True,t5_4r20r4,0
Bayesian1701,847,55,1522001940.0,False,False,True,t5_h9tfh,0
samushusband,43058,19977,1568299250.0,False,False,True,t5_24qd0p,0
Rockingtits,28083,1235,1330096950.0,True,False,True,t5_1yn4ib,0
pippy64598,57769,16388,1458524892.0,True,False,True,t5_3ljav,0
agp_praznat,1,8,1561651320.0,False,False,True,t5_17c0qm,0
WhatIsMyNamme,12144,283,1493352299.0,False,False,False,t5_94pvf,0
peterxsyd,5,12,1694667147.0,False,False,True,t5_9bf34o,0
bingbong_sempai,7269,2468,1394173745.0,False,False,True,t5_cxqs7,0
ThomasAger,2863,10449,1437861252.0,True,False,True,t5_e985x,0
iwannabeunknown3,7485,562,1541360828.0,False,False,True,t5_qtjnb,0
Accurate-Usual8839,1618,1,1710772202.0,False,False,False,t5_b155cl,0
mutlu_simsek,1658,258,1605374376.0,True,False,True,t5_3etvfh,0
metalvendetta,7689,7380,1634198102.0,False,False,True,t5_56el54,0
Nunuvin,953,412,1372966635.0,True,False,True,t5_1ucw8j,0
AutoModerator,1000,1000,1325741068.0,True,True,True,t5_1yz875,0
Specialist-Dog6334,9,15,1751350588.0,False,False,True,t5_etnd6d,0
venustrapsflies,318656,1357,1316107608.0,False,False,True,t5_coiyr,0
Helpful_ruben,197,6,1722342665.0,False,False,True,t5_c3fud7,0
Delicious_Middle_191,-16,1,1734613779.0,False,False,True,t5_d5sson,0
WingedTorch,15516,5507,1511689119.0,False,False,True,t5_4m11z,0
ghostofkilgore,154090,1179,1578089254.0,False,False,True,t5_2bxjvb,0
Jorrissss,27280,52,1457406111.0,False,False,True,t5_bt6i1,0
lakeland_nz,45950,71,1451442602.0,False,False,True,t5_1gn5go,0
dirtydan1114,9539,601,1363018747.0,False,False,True,t5_1vgslr,0
DJ_Laaal,20403,2129,1423869344.0,False,False,True,t5_ceu4z,0
Electronic-Tie5120,582,47,1755675327.0,False,False,False,t5_f8017y,0
According_Meal_387,0,4,1710291324.0,False,False,True,t5_azojcv,0
DubGrips,6918,329,1639938300.0,False,False,True,t5_5iph0n,0
fightitdude,82759,507,1470498937.0,True,False,False,t5_cm2po,0
musicalfantasies69,304,573,1668708151.0,False,False,True,t5_7eragt,0
Maleficent-Studio590,1118,1,1751568592.0,False,False,True,t5_eud20f,0
Ok_Distance5305,4493,1,1666397495.0,False,False,True,t5_78mxkj,0
i_did_dtascience,2,1,1757521105.0,False,False,True,t5_fe9wb0,0
